gig_type_encoded,age,is_main_income,tenure_months,days_per_week,hours_per_day,weekly_work_hours,lag_1w,lag_2w,lag_3w,lag_4w,rolling_mean_4w,rolling_std_4w,income_volatility,income_growth_1w,income_trend_slope,income_per_hour,is_payday_week,recent_vs_avg,peak_week,target_income
5,31,0,26,3,7,21,300000,447500,493500,608500,462375.0,127682.1411422391,0.2761,-0.3296,-97150.0,21017.0,0,0.6488,2,524500
1,35,2,3,7,1,7,966000,959000,1055000,1169500,1037375.0,98327.15376063046,0.0948,0.0073,-70650.0,129672.0,0,0.9312,0,956000
4,26,1,26,6,7,42,0,0,0,550000,137500.0,275000.0,2.0,0.0,-165000.0,3198.0,1,0.0,4,0
7,25,0,4,6,2,12,43000,40500,44000,70000,49375.0,13828.563434669079,0.2801,0.0617,-8450.0,3798.0,1,0.8709,1,49000
0,37,1,44,4,5,20,300000,0,300000,475000,268750.0,197246.67297574374,0.7339,300000.0,-82500.0,12798.0,1,1.1163,1,300000
3,31,0,31,3,1,3,340500,280000,338500,400500,339875.0,49202.59986355734,0.1448,0.2161,-23850.0,84969.0,1,1.0018,1,280500
0,24,2,46,2,9,18,317000,419500,392000,310500,359750.0,54354.54596136984,0.1511,-0.2443,4700.0,18934.0,1,0.8812,4,203000
2,40,2,9,5,4,20,78500,134000,163000,204000,144875.0,52751.579755175735,0.3641,-0.4142,-40550.0,6899.0,0,0.5418,3,248000
2,24,1,32,6,2,12,138000,159500,160000,189000,161625.0,20933.923823943438,0.1295,-0.1348,-15350.0,12433.0,1,0.8538,1,184000
6,35,0,32,4,2,8,100000,150000,200000,275000,181250.0,74651.97027987048,0.4119,-0.3333,-57500.0,20139.0,1,0.5517,1,100000
3,19,0,7,3,3,9,300000,300000,150000,275000,256250.0,71807.03308172536,0.2802,0.0,22500.0,25625.0,0,1.1707,0,300000
3,37,1,66,5,7,35,825000,500000,0,525000,462500.0,341869.85827943357,0.7392,0.65,140000.0,12847.0,0,1.7838,2,825000
7,28,0,19,2,8,16,53000,46000,53000,63500,53875.0,7215.434844830906,0.1339,0.1522,-3850.0,3169.0,1,0.9837,4,50500
5,50,2,38,5,8,40,950000,1125000,1250000,925000,1062500.0,153432.93866268307,0.1444,-0.1556,-5000.0,25915.0,1,0.8941,4,950000
2,50,0,30,6,4,24,150000,275000,125000,225000,193750.0,68844.63184107628,0.3553,-0.4545,-7500.0,7750.0,1,0.7742,4,150000
5,18,2,24,5,4,20,510000,598000,657000,746500,627875.0,99510.78249784459,0.1585,-0.1472,-76850.0,29899.0,1,0.8123,4,772500
1,43,2,67,6,9,54,1200000,1641500,1650000,0,1122875.0,777523.6732730393,0.6924,-0.269,359150.0,20416.0,1,1.0687,4,1200000
1,33,1,23,6,8,48,375000,775000,400000,800000,587500.0,231390.72294858034,0.3939,-0.5161,-90000.0,11990.0,0,0.6383,3,375000
7,37,1,22,2,2,4,0,75000,75000,50000,50000.0,35355.33905932738,0.7071,-1.0,-15000.0,10000.0,0,0.0,0,0
3,34,1,52,2,1,2,96500,160000,116500,0,93250.0,67582.6654303207,0.7247,-0.3969,33300.0,31083.0,0,1.0348,2,91500
1,44,2,13,7,9,63,1050000,1125000,1075000,1812250,1265562.5,365789.6922527114,0.289,-0.0667,-223675.0,19774.0,0,0.8297,3,1050000
0,38,1,31,3,2,6,242000,154500,77500,66500,135125.0,81297.16579725684,0.6016,0.5663,60350.0,19304.0,0,1.7909,2,136000
4,43,1,21,5,6,30,500000,0,450000,650000,400000.0,279880.9270624444,0.6997,500000.0,-90000.0,12903.0,0,1.25,0,500000
2,47,0,71,3,2,6,75000,50000,0,50000,43750.0,31457.643480294788,0.719,0.5,12500.0,6250.0,0,1.7142,2,75000
3,17,1,37,6,6,36,161000,145000,295000,387500,247125.0,115244.93842825954,0.4663,0.1103,-82950.0,6679.0,0,0.6515,0,338500
6,42,2,44,5,3,15,325000,225000,375000,350000,318750.0,65748.89099191458,0.2063,0.4444,-22500.0,19922.0,0,1.0196,0,325000
0,37,0,42,3,6,18,375000,350000,425000,175000,331250.0,108733.23625583241,0.3283,0.0714,52500.0,17434.0,1,1.1321,4,375000
6,37,2,29,5,2,10,100000,125000,75000,125000,106250.0,23935.677693908452,0.2253,-0.2,-2500.0,9659.0,1,0.9412,4,100000
0,45,1,2,2,6,12,478000,300000,328000,362000,367000.0,78221.90656501966,0.2131,0.5933,32000.0,28231.0,1,1.3024,1,307000
2,21,0,16,6,3,18,150000,225000,175000,175000,181250.0,31457.643480294788,0.1736,-0.3333,-2500.0,9539.0,0,0.8276,3,150000
1,44,1,25,6,7,42,350000,1150000,575000,950000,756250.0,360771.7422415453,0.4771,-0.6957,-122500.0,17587.0,0,0.4628,2,350000
4,41,2,39,5,9,45,650000,900000,1450000,650000,912500.0,377215.67659187585,0.4134,-0.2778,-55000.0,19837.0,0,0.7123,0,650000
0,24,2,69,7,6,42,764500,690000,823500,747000,756250.0,54970.446605426085,0.0727,0.108,-8100.0,17587.0,1,1.0109,4,706000
7,19,0,14,1,1,1,0,0,25000,0,6250.0,12500.0,1.9997,0.0,-2500.0,3125.0,0,0.0,3,0
6,24,2,22,6,4,24,200000,575000,550000,300000,406250.0,185264.45062846423,0.456,-0.6522,-27500.0,16250.0,0,0.4923,0,200000
4,50,0,8,5,7,35,0,825000,0,1025000,462500.0,540254.5696243577,1.1681,-1.0,-225000.0,12847.0,0,0.0,2,0
5,28,0,16,6,9,54,200000,200000,175000,100000,168750.0,47324.236215002275,0.2804,0.0,32500.0,3068.0,0,1.1852,0,200000
4,25,0,47,7,7,49,950000,625000,1025000,350000,737500.0,311247.4899497183,0.422,0.52,140000.0,14750.0,0,1.2881,0,950000
5,18,0,4,5,5,25,50000,125000,150000,50000,93750.0,51538.82032022076,0.5497,-0.6,-2500.0,3606.0,0,0.5333,3,50000
5,42,1,8,5,7,35,300000,650000,925000,875000,687500.0,284678.18087564537,0.4141,-0.5385,-200000.0,19097.0,1,0.4364,1,300000
0,45,2,55,5,3,15,602500,327000,322500,501500,438375.0,137541.7360900562,0.3138,0.8425,30750.0,27398.0,1,1.3744,1,308000
7,30,1,23,6,6,36,40000,43500,54000,56500,48500.0,7989.576542804589,0.1647,-0.0805,-6000.0,1311.0,1,0.8247,1,56500
6,43,2,46,7,4,28,475000,450000,375000,375000,418750.0,51538.82032022076,0.1231,0.0556,37500.0,14440.0,0,1.1343,0,475000
6,35,0,7,5,2,10,175000,0,0,100000,68750.0,85085.74106942557,1.2376,175000.0,22500.0,6250.0,1,2.5454,1,175000
7,34,2,38,4,1,4,25000,25000,0,0,12500.0,14433.756729740644,1.1546,0.0,10000.0,2500.0,0,1.9998,0,25000
6,41,2,52,3,2,6,298000,307000,310000,386500,325375.0,41067.779340987014,0.1262,-0.0293,-26850.0,46482.0,0,0.9159,0,356500
3,22,1,3,5,7,35,150000,75000,50000,50000,81250.0,47324.236215002275,0.5824,1.0,32500.0,2257.0,0,1.8461,2,150000
0,49,0,57,7,7,49,4500,31000,69000,20500,31250.0,27424.13778650722,0.8775,-0.8548,-8600.0,625.0,1,0.144,4,0
4,29,0,63,5,3,15,1127000,972500,1044000,1286500,1107500.0,135004.3209185049,0.1219,0.1589,-55000.0,69219.0,1,1.0176,1,1308500
2,45,2,60,7,6,42,186500,214500,278000,172000,212750.0,46940.56525721294,0.2206,-0.1305,-2000.0,4948.0,1,0.8766,1,86000
7,20,1,16,3,4,12,25000,25000,75000,50000,43750.0,23935.677693908452,0.5471,0.0,-12500.0,3365.0,0,0.5714,0,25000
6,28,1,26,4,6,24,200000,0,525000,325000,262500.0,220321.7344400381,0.8393,200000.0,-90000.0,10500.0,0,0.7619,2,200000
2,22,0,7,5,7,35,350000,300000,325000,425000,350000.0,54006.17248673217,0.1543,0.1667,-25000.0,9722.0,0,1.0,0,350000
5,47,2,31,3,8,24,0,575000,500000,400000,368750.0,256072.09271349086,0.6944,-1.0,-112500.0,14750.0,1,0.0,4,0
3,20,0,43,5,5,25,61500,31500,0,0,23250.0,29508.473359359003,1.2691,0.9524,21600.0,894.0,0,2.645,3,12500
4,35,2,55,5,8,40,325000,500000,1075000,800000,675000.0,331033.73443402007,0.4904,-0.35,-200000.0,16463.0,0,0.4815,2,325000
6,34,2,50,3,3,9,50000,25000,25000,25000,31250.0,12500.0,0.4,1.0,7500.0,3125.0,1,1.5999,1,50000
6,39,0,60,4,3,12,0,50000,100000,100000,62500.0,47871.355387816904,0.7659,-1.0,-35000.0,4808.0,1,0.0,1,0
1,50,0,29,5,1,5,1004000,1012500,1113000,1212500,1085500.0,98075.6510726966,0.0904,-0.0084,-72600.0,180917.0,0,0.9249,3,1229500
7,23,1,12,1,2,2,25000,0,0,0,6250.0,12500.0,1.9997,25000.0,7500.0,2083.0,1,3.9994,1,25000
5,39,2,43,4,2,8,407000,443500,422500,415500,422125.0,15595.806060177418,0.0369,-0.0823,-450.0,46903.0,0,0.9642,2,513500
4,46,1,69,7,7,49,825000,1250000,1175000,600000,962500.0,304480.43177408515,0.3163,-0.34,75000.0,19250.0,1,0.8571,1,825000
2,37,1,62,3,6,18,293000,307500,261000,344000,301375.0,34422.31592053814,0.1142,-0.0472,-10650.0,15862.0,0,0.9722,3,355000
3,17,2,45,2,9,18,381500,323000,394500,486000,396250.0,67432.06457860633,0.1702,0.1811,-38500.0,20855.0,1,0.9628,4,407000
2,37,2,8,4,7,28,375000,400000,0,300000,268750.0,184136.49828320293,0.6852,-0.0625,62500.0,9267.0,0,1.3953,3,375000
1,34,1,22,5,9,45,750000,625000,400000,575000,587500.0,145057.45987941007,0.2469,0.2,75000.0,12772.0,0,1.2766,2,750000
7,23,0,62,7,10,70,62500,53500,58000,56000,57500.0,3807.886552931954,0.0662,0.1682,1500.0,810.0,1,1.0869,1,66500
6,17,0,43,6,10,60,182500,99000,23500,99000,101000.0,64952.54678096413,0.6431,0.8434,32600.0,1656.0,0,1.8069,3,81000
1,44,1,22,2,4,8,644000,588000,967000,1295500,873625.0,327111.95203884965,0.3744,0.0952,-233350.0,97069.0,1,0.7372,1,1088500
1,22,0,35,7,10,70,1193000,1242500,1214000,1427500,1269250.0,107432.53697088234,0.0846,-0.0398,-67500.0,17877.0,1,0.9399,4,1441500
3,49,2,12,4,9,36,364000,442000,363500,474000,410875.0,55961.85456779168,0.1362,-0.1765,-25150.0,11105.0,1,0.8859,4,447500
6,35,0,68,7,1,7,192500,201000,256000,241500,222750.0,30796.37424546381,0.1383,-0.0423,-20200.0,27844.0,0,0.8642,2,197000
7,28,2,27,4,2,8,0,75000,125000,125000,81250.0,59072.6953281576,0.727,-1.0,-42500.0,9028.0,1,0.0,1,0
4,17,0,65,3,7,21,459500,579500,555500,1103000,674375.0,290415.32759136526,0.4306,-0.2071,-190650.0,30653.0,0,0.6814,0,837500
2,40,0,45,3,5,15,75000,75000,100000,75000,81250.0,12500.0,0.1538,0.0,-2500.0,5078.0,1,0.9231,1,75000
6,24,0,10,4,4,16,150000,325000,375000,400000,312500.0,112731.24382057234,0.3607,-0.5385,-80000.0,18382.0,1,0.48,1,150000
6,37,1,36,5,5,25,150000,125000,325000,0,150000.0,133853.1533684084,0.8923,0.2,25000.0,5769.0,1,1.0,1,150000
4,34,0,6,2,10,20,709500,576500,669000,807500,690625.0,95756.96232302554,0.1387,0.2307,-38650.0,32887.0,1,1.0273,1,795000
2,41,2,6,4,6,24,170500,172500,262500,320000,231375.0,73018.69052966278,0.3156,-0.0116,-53850.0,9255.0,0,0.7369,0,212000
6,45,2,51,6,3,18,525000,200000,0,500000,306250.0,251971.3938790142,0.8228,1.625,27500.0,16118.0,0,1.7143,3,525000
3,35,2,2,2,6,12,183500,210500,302000,358500,263625.0,81068.2582765906,0.3075,-0.1283,-61650.0,20279.0,1,0.6961,1,410000
5,37,0,71,3,6,18,342500,391000,469500,345500,387125.0,59230.30615037091,0.153,-0.124,-8750.0,20375.0,0,0.8847,0,315500
0,20,2,3,6,6,36,225000,375000,200000,300000,275000.0,79056.94150420948,0.2875,-0.4,-5000.0,7432.0,1,0.8182,1,225000
0,23,1,31,6,4,24,267500,375500,371000,260500,318625.0,63166.94151215492,0.1982,-0.2876,2550.0,12745.0,1,0.8395,1,155000
6,44,2,20,2,4,8,253500,224500,212000,302500,248125.0,40202.35275038846,0.162,0.1292,-13450.0,27569.0,0,1.0217,2,306500
6,43,0,18,4,8,32,213500,263000,243500,326500,261625.0,47802.32734919922,0.1827,-0.1882,-31950.0,7928.0,0,0.8161,0,256000
3,33,0,71,7,10,70,362500,329500,323000,447000,365500.0,57019.00268039302,0.156,0.1002,-24700.0,5148.0,0,0.9918,3,439000
3,34,1,32,3,3,9,325000,175000,250000,200000,237500.0,66143.78277661477,0.2785,0.8571,30000.0,23750.0,0,1.3684,0,325000
4,40,2,31,6,7,42,0,725000,800000,450000,493750.0,361924.8310538161,0.733,-1.0,-142500.0,11483.0,1,0.0,1,0
1,47,0,48,6,3,18,859500,722500,803000,981500,841625.0,108884.01703953922,0.1294,0.1896,-44650.0,44296.0,0,1.0212,2,1175500
3,49,2,20,7,1,7,301000,238500,323000,457500,330000.0,92228.88195498558,0.2795,0.2621,-55400.0,41250.0,0,0.9121,0,455500
0,47,0,8,6,5,30,775000,550000,250000,550000,531250.0,215421.09924517607,0.4055,0.4091,97500.0,17137.0,0,1.4588,0,775000
7,36,0,65,1,2,2,25000,25000,50000,25000,31250.0,12500.0,0.4,0.0,-2500.0,10417.0,1,0.8,4,25000
3,50,1,10,3,6,18,417000,449000,464000,540000,467500.0,52156.81483117362,0.1116,-0.0713,-38400.0,24605.0,0,0.892,2,398000
2,32,2,68,5,2,10,25000,25000,25000,25000,25000.0,0.0,0.0,0.0,0.0,2273.0,0,1.0,2,25000
1,48,1,17,6,7,42,675000,525000,725000,550000,618750.0,96555.25188547056,0.156,0.2857,17500.0,14390.0,0,1.0909,0,675000
0,44,0,34,7,1,7,196500,349500,305000,437500,322125.0,100225.89070029094,0.3111,-0.4378,-67850.0,40266.0,0,0.61,2,276000
5,23,2,12,5,9,45,0,975000,1125000,1000000,775000.0,520816.6663999915,0.672,-1.0,-315000.0,16848.0,1,0.0,1,0
1,22,2,17,6,7,42,700000,1150000,1100000,1525000,1118750.0,337500.0,0.3017,-0.3913,-242500.0,26017.0,0,0.6257,3,700000
6,35,0,28,4,2,8,125000,75000,150000,50000,100000.0,45643.54645876384,0.4564,0.6667,15000.0,11111.0,0,1.25,0,125000
7,18,0,59,3,3,9,61000,84500,93000,103000,85375.0,17922.86714414484,0.2099,-0.2781,-13450.0,8538.0,0,0.7145,3,83500
5,27,1,69,4,6,24,470500,556000,514000,630500,542750.0,68123.05043081967,0.1255,-0.1538,-43800.0,21710.0,0,0.8669,0,623000
4,33,2,57,3,10,30,713500,916000,896500,1118000,911000.0,165419.16454873057,0.1816,-0.2211,-119400.0,29387.0,0,0.7832,3,1150000
1,24,2,35,2,4,8,866500,991500,1005000,1279500,1035625.0,174129.44179546434,0.1681,-0.1261,-125250.0,115069.0,0,0.8367,2,1194000
2,28,0,33,4,7,28,249000,145000,175500,235000,201125.0,49146.67672725525,0.2444,0.7172,1150.0,6935.0,0,1.238,2,207000
1,43,0,42,6,8,48,225000,750000,700000,575000,562500.0,236731.2118556965,0.4209,-0.7,-100000.0,11480.0,0,0.4,0,225000
2,40,0,24,4,6,24,205500,182000,148000,141500,169250.0,29990.276201906956,0.1772,0.1291,22600.0,6770.0,1,1.2142,1,72500
3,29,0,36,4,7,28,626000,589000,637000,637500,622375.0,22874.203082657692,0.0368,0.0628,-8250.0,21461.0,0,1.0058,0,431000
2,23,0,20,2,6,12,25000,50000,25000,0,25000.0,20412.41452319315,0.8165,-0.5,10000.0,1923.0,0,1.0,0,25000
6,47,0,13,7,3,21,550000,500000,475000,400000,481250.0,62500.0,0.1299,0.1,47500.0,21875.0,0,1.1429,2,550000
7,24,2,41,7,10,70,62500,58500,66000,76000,65750.0,7488.880646220324,0.1139,0.0684,-4800.0,926.0,0,0.9506,2,65000
3,47,0,36,4,4,16,325000,275000,500000,475000,393750.0,110632.65039459793,0.281,0.1818,-67500.0,23162.0,0,0.8254,3,325000
6,24,1,18,5,6,30,100000,0,125000,200000,106250.0,82600.94833999587,0.7774,100000.0,-42500.0,3427.0,0,0.9412,0,100000
3,21,0,33,5,1,5,223000,234000,309000,443000,302250.0,101315.92503978171,0.3352,-0.047,-73500.0,50375.0,0,0.7378,3,358500
0,25,2,40,4,5,20,299500,414500,567000,371000,413000.0,113084.77645849006,0.2738,-0.2774,-36700.0,19667.0,0,0.7252,0,242500
6,21,1,2,6,2,12,100000,0,75000,0,43750.0,51538.82032022076,1.178,100000.0,22500.0,3365.0,0,2.2857,2,100000
6,47,0,46,5,3,15,222500,193000,270500,309500,248875.0,51512.74114236205,0.207,0.1528,-33850.0,15555.0,1,0.894,4,290000
6,25,0,39,3,4,12,125000,350000,225000,350000,262500.0,108972.47358851683,0.4151,-0.6429,-55000.0,20192.0,1,0.4762,1,125000
6,33,1,56,4,5,20,425000,275000,225000,250000,293750.0,89849.4110535326,0.3059,0.5455,57500.0,13988.0,0,1.4468,3,425000
7,19,1,10,2,2,4,25000,50000,25000,50000,37500.0,14433.756729740644,0.3849,-0.5,-5000.0,7500.0,0,0.6666,2,25000
7,38,1,14,3,4,12,36000,34000,41000,48000,39750.0,6238.322424070967,0.1569,0.0588,-4300.0,3058.0,0,0.9056,0,52000
5,48,1,36,3,9,27,297500,315500,495000,493000,400250.0,108505.3762108895,0.2711,-0.0571,-76600.0,14295.0,0,0.7433,0,521000
6,18,0,7,5,4,20,250000,175000,0,350000,193750.0,147725.81584363195,0.7625,0.4286,-12500.0,9226.0,0,1.2903,0,250000
0,40,2,2,6,5,30,308500,358000,236500,518500,355375.0,119645.57033170931,0.3367,-0.1383,-50850.0,11464.0,0,0.8681,2,619500
0,25,2,21,4,6,24,168000,151500,262000,494500,269000.0,158015.29461837967,0.5874,0.1089,-109000.0,10760.0,1,0.6245,1,365000
4,31,1,7,3,4,12,728000,723000,835500,1191000,869375.0,220607.25849345938,0.2538,0.0069,-150150.0,66875.0,0,0.8374,0,1109500
0,21,2,59,2,5,10,349500,391500,590000,640000,492750.0,143657.28894374508,0.2915,-0.1073,-107000.0,44795.0,0,0.7093,2,627500
7,20,0,51,6,9,54,56000,66000,72000,85500,69875.0,12331.362455138524,0.1765,-0.1515,-9450.0,1270.0,0,0.8014,2,73500
6,41,2,6,3,5,15,100000,150000,100000,75000,106250.0,31457.643480294788,0.2961,-0.3333,12500.0,6641.0,0,0.9412,3,100000
7,27,2,65,2,6,12,27000,28000,25000,40000,30000.0,6782.329983125268,0.2261,-0.0357,-3600.0,2308.0,1,0.9,1,43000
5,23,2,66,5,9,45,380000,477500,401000,777000,508875.0,183594.83244361755,0.3608,-0.2042,-111450.0,11062.0,0,0.7467,0,694500
6,52,0,27,6,7,42,140500,170000,157000,226000,173375.0,37102.05519913958,0.214,-0.1735,-24350.0,4032.0,1,0.8104,4,179500
4,35,0,50,2,1,2,867500,995000,980500,1408500,1062875.0,237360.96807745512,0.2233,-0.1281,-160850.0,354292.0,0,0.8162,3,1141500
5,31,0,16,5,9,45,900000,700000,850000,1125000,893750.0,176038.58478564673,0.197,0.2857,-82500.0,19429.0,0,1.007,2,900000
6,27,1,28,3,2,6,0,50000,100000,75000,56250.0,42695.62819149833,0.759,-1.0,-27500.0,8036.0,0,0.0,0,0
2,36,2,47,4,4,16,350000,225000,375000,375000,331250.0,71807.03308172536,0.2168,0.5556,-22500.0,19485.0,0,1.0566,2,350000
4,21,2,33,6,10,60,639500,614000,741500,839000,708500.0,102973.29750959712,0.1453,0.0415,-72600.0,11615.0,0,0.9026,2,863500
4,40,0,28,6,6,36,733000,815000,701500,739500,747250.0,48118.776653887064,0.0644,-0.1006,9400.0,20196.0,0,0.9809,0,767500
1,48,0,44,5,10,50,1125000,825000,1300000,1000000,1062500.0,200520.15692526606,0.1887,0.3636,-10000.0,20833.0,0,1.0588,0,1125000
3,18,2,49,4,2,8,318000,349000,379000,373000,354750.0,27717.323103070397,0.0781,-0.0888,-19500.0,39417.0,0,0.8964,3,305000
7,21,2,22,4,8,32,53500,42000,39500,52500,46875.0,7157.455320619659,0.1527,0.2738,550.0,1420.0,0,1.1413,3,67000
7,29,0,54,3,7,21,51000,53500,68500,82500,63875.0,14625.178061594099,0.229,-0.0467,-10950.0,2903.0,0,0.7984,0,76500
0,35,1,35,4,7,28,133500,9000,0,247000,97375.0,116882.68691298981,1.2003,13.8318,-33150.0,3358.0,0,1.371,3,284500
2,29,0,15,4,5,20,225000,200000,275000,375000,268750.0,77392.3984208613,0.288,0.125,-52500.0,12798.0,0,0.8372,2,225000
1,43,2,23,5,10,50,1053000,956500,1093000,1431000,1133375.0,206523.35420802492,0.1822,0.1009,-127050.0,22223.0,1,0.9291,1,1275500
6,44,0,62,3,3,9,125000,75000,150000,175000,131250.0,42695.62819149833,0.3253,0.6667,-22500.0,13125.0,0,0.9524,2,125000
3,27,2,6,3,7,21,875000,750000,0,0,406250.0,471864.6522044219,1.1615,0.1667,337500.0,18466.0,1,2.1538,1,875000
1,51,0,62,5,8,40,797500,737000,991000,1109500,908750.0,172182.31616516257,0.1895,0.0821,-119000.0,22165.0,0,0.8776,0,1152500
2,25,2,39,4,7,28,75000,0,75000,75000,56250.0,37500.0,0.6667,75000.0,-7500.0,1940.0,1,1.3333,1,75000
6,41,0,48,3,4,12,50000,25000,75000,25000,43750.0,23935.677693908452,0.5471,1.0,2500.0,3365.0,0,1.1428,3,50000
2,37,0,70,5,6,30,250000,600000,500000,475000,456250.0,147725.81584363195,0.3238,-0.5833,-57500.0,14718.0,0,0.5479,2,250000
1,17,0,53,4,4,16,802000,1036500,1292000,1546500,1169250.0,321392.931886603,0.2749,-0.2262,-248900.0,68779.0,0,0.6859,3,1261500
6,39,0,11,4,4,16,225000,225000,150000,275000,218750.0,51538.82032022076,0.2356,0.0,-7500.0,12868.0,0,1.0286,0,225000
1,47,1,40,6,7,42,0,1400000,1000000,500000,725000.0,607590.8711186061,0.8381,-1.0,-110000.0,16860.0,1,0.0,1,0
0,21,2,61,7,5,35,330000,376500,523500,427000,414250.0,82908.08163261287,0.2001,-0.1235,-43800.0,11507.0,1,0.7966,1,389500
5,33,1,7,5,6,30,850000,750000,425000,575000,650000.0,188193.16317727024,0.2895,0.1333,115000.0,20968.0,0,1.3077,2,850000
0,18,2,24,4,5,20,434000,276000,318500,720000,437125.0,200050.98308514588,0.4577,0.5725,-90050.0,20815.0,0,0.9928,0,624000
7,27,2,12,5,3,15,43500,38500,44000,36000,40500.0,3894.4404818493076,0.0962,0.1299,1700.0,2531.0,0,1.074,3,30500
3,51,2,24,4,5,20,650000,900000,325000,0,468750.0,391245.3407603299,0.8347,-0.2778,252500.0,22321.0,1,1.3867,4,650000
1,31,1,5,2,4,8,800000,906500,857000,901000,866125.0,49336.21894713862,0.057,-0.1175,-25350.0,96236.0,0,0.9237,2,928000
6,23,2,28,6,8,48,122000,157000,200000,178000,164250.0,33190.108968385946,0.2021,-0.2229,-21100.0,3352.0,0,0.7428,3,175500
2,48,1,16,6,2,12,50000,75000,75000,100000,75000.0,20412.41452319315,0.2722,-0.3333,-15000.0,5769.0,0,0.6667,0,50000
0,21,0,9,3,5,15,100000,225000,250000,275000,212500.0,77728.15877574013,0.3658,-0.5556,-55000.0,13281.0,0,0.4706,0,100000
2,47,0,54,2,2,4,50000,25000,50000,25000,37500.0,14433.756729740644,0.3849,1.0,5000.0,7500.0,0,1.3333,0,50000
2,23,1,62,3,3,9,122500,154500,198500,245500,180250.0,53506.230166838206,0.2968,-0.2071,-41300.0,18025.0,0,0.6796,3,233000
1,51,0,27,2,2,4,1186500,1307000,1174000,1356500,1256000.0,89917.55483033703,0.0716,-0.0922,-37700.0,251200.0,0,0.9447,0,1203000
6,33,0,60,2,6,12,109000,204000,185500,93000,147875.0,55039.94761383165,0.3722,-0.4657,6650.0,11375.0,0,0.7371,2,77500
0,36,2,47,2,3,6,576500,391500,464000,771000,550750.0,165387.6758810442,0.3003,0.4725,-65600.0,78679.0,0,1.0468,2,481500
3,33,2,65,4,3,12,325000,400000,325000,425000,368750.0,51538.82032022076,0.1398,-0.1875,-22500.0,28365.0,0,0.8814,0,325000
6,26,2,30,6,6,36,325000,375000,375000,350000,356250.0,23935.677693908452,0.0672,-0.1333,-7500.0,9628.0,1,0.9123,1,325000
6,41,1,33,2,3,6,189000,238500,320000,371500,279750.0,81599.12172729966,0.2917,-0.2075,-62900.0,39964.0,1,0.6756,4,243500
2,27,1,54,6,2,12,109500,92500,81000,48500,82875.0,25733.813682908847,0.3105,0.1838,19450.0,6375.0,0,1.3213,2,90500
5,42,0,55,2,5,10,358500,327000,533500,520000,434750.0,107149.81723425072,0.2465,0.0963,-69100.0,39523.0,0,0.8246,3,441500
1,30,1,30,5,9,45,550000,500000,1225000,0,568750.0,503063.53144177195,0.8845,0.1,92500.0,12364.0,1,0.967,1,550000
1,44,1,7,5,7,35,450000,1175000,375000,375000,593750.0,389109.5604068345,0.6553,-0.617,102500.0,16493.0,0,0.7579,0,450000
7,46,0,45,5,10,50,62500,49500,58000,73500,60875.0,9994.790309622975,0.1642,0.2626,-4150.0,1194.0,1,1.0267,1,77000
6,49,2,31,4,6,24,288500,277500,295500,297000,289625.0,8891.70962188937,0.0307,0.0396,-4350.0,11585.0,1,0.9961,1,237500
7,51,1,69,3,4,12,125000,50000,0,100000,68750.0,55433.894565208626,0.8063,1.5,12500.0,5288.0,0,1.8182,2,125000
1,17,1,65,4,5,20,753500,748000,1010500,1372000,971000.0,294050.16578808456,0.3028,0.0074,-211800.0,46238.0,0,0.776,3,1180000
6,20,0,53,6,6,36,223500,267000,302500,263000,264000.0,32313.567841800857,0.1224,-0.1629,-15400.0,7135.0,1,0.8466,1,306000
4,23,0,10,6,2,12,621500,586500,604500,747000,639875.0,72832.4275305993,0.1138,0.0597,-39450.0,49221.0,0,0.9713,0,661500
2,21,0,19,3,4,12,244500,247000,396000,477000,341125.0,114991.57577840213,0.3371,-0.0101,-84650.0,26240.0,0,0.7167,3,460500
4,25,1,44,2,3,6,890500,802000,797500,1274000,941000.0,226091.79551677676,0.2403,0.1103,-114600.0,134429.0,0,0.9463,3,1149500
2,34,0,41,4,5,20,86000,140000,6500,58000,72625.0,55691.67352486366,0.7668,-0.3857,21750.0,3458.0,0,1.1841,3,129000
2,23,1,38,4,3,12,125000,75000,100000,100000,100000.0,20412.41452319315,0.2041,0.6667,5000.0,7692.0,0,1.25,2,125000
6,43,0,58,7,4,28,225000,175000,375000,125000,225000.0,108012.34497346434,0.4801,0.2857,10000.0,7759.0,0,1.0,0,225000
7,42,0,16,3,3,9,38500,31000,26000,36000,32875.0,5543.389456520863,0.1686,0.2419,1250.0,3288.0,0,1.1711,2,34000
6,42,0,37,4,6,24,525000,425000,700000,750000,600000.0,151382.51770487457,0.2523,0.2353,-95000.0,24000.0,1,0.875,4,525000
6,35,0,52,7,6,42,500000,500000,500000,300000,450000.0,100000.0,0.2222,0.0,60000.0,10465.0,1,1.1111,4,500000
6,28,1,18,6,5,30,175000,125000,300000,200000,200000.0,73598.00721939871,0.368,0.4,-25000.0,6452.0,1,0.875,4,175000
2,44,1,41,4,2,8,25000,25000,25000,0,18750.0,12500.0,0.6666,0.0,7500.0,2083.0,0,1.3333,3,25000
7,40,0,68,1,2,2,0,25000,25000,0,12500.0,14433.756729740644,1.1546,-1.0,0.0,4167.0,1,0.0,4,0
2,27,0,40,4,4,16,75000,50000,50000,25000,50000.0,20412.41452319315,0.4082,0.5,15000.0,2941.0,0,1.5,2,75000
7,28,0,2,4,1,4,23500,20000,12500,15500,17875.0,4854.1219597369,0.2715,0.175,3150.0,3575.0,0,1.3146,2,5500
5,48,0,50,6,9,54,1628750,750000,0,600000,744687.5,672579.2820366978,0.9032,1.1717,383625.0,13540.0,0,2.1872,2,1628750
5,34,2,38,3,3,9,213500,339000,362500,246500,290375.0,71650.04652243198,0.2467,-0.3702,-12250.0,29038.0,0,0.7353,3,105500
3,30,1,60,5,2,10,336500,201000,233000,361000,282875.0,77824.99063068794,0.2751,0.6741,-10550.0,25716.0,1,1.1896,1,275500
5,44,2,6,6,4,24,175000,100000,100000,125000,125000.0,35355.33905932738,0.2828,0.75,15000.0,5000.0,1,1.4,1,175000
5,40,2,34,3,7,21,196500,236000,294000,374000,275125.0,77125.84413368409,0.2803,-0.1674,-59050.0,12506.0,1,0.7142,4,145500
2,45,1,13,5,7,35,140000,142500,112500,146000,135250.0,15365.003525327722,0.1136,-0.0175,1200.0,3757.0,1,1.0351,1,40000
7,35,2,6,2,8,16,64500,60500,50500,65500,60250.0,6849.574196011506,0.1137,0.0661,700.0,3544.0,1,1.0705,1,64500
5,47,1,17,2,4,8,524500,566500,539000,469000,524750.0,41045.70623098109,0.0782,-0.0741,19400.0,58306.0,1,0.9995,1,498500
4,50,2,8,7,9,63,1628750,1250000,1650000,1625000,1538437.5,192606.50462795902,0.1252,0.303,-38875.0,24038.0,1,1.0587,4,1628750
2,22,1,46,5,6,30,197500,126000,153000,197000,168375.0,35117.36275215818,0.2086,0.5675,-2550.0,5431.0,0,1.173,3,162500
5,43,1,14,6,4,24,425000,275000,825000,450000,493750.0,233964.9190227743,0.4739,0.5455,-62500.0,19750.0,1,0.8608,4,425000
5,18,0,39,5,6,30,367000,432000,537500,608500,486250.0,107603.05138176457,0.2213,-0.1505,-83000.0,15685.0,0,0.7548,2,583500
2,38,1,19,6,7,42,725000,900000,950000,650000,806250.0,141972.70864500685,0.1761,-0.1944,17500.0,18750.0,0,0.8992,0,725000
0,28,0,56,7,8,56,428500,439000,623000,658000,537125.0,120295.7293506299,0.224,-0.0239,-87250.0,9423.0,1,0.7978,4,420500
3,46,0,47,5,4,20,1150000,1175000,950000,1150000,1106250.0,104831.21354507603,0.0948,-0.0213,22500.0,52679.0,1,1.0395,4,1150000
2,51,2,67,3,4,12,175000,225000,100000,200000,175000.0,54006.17248673217,0.3086,-0.2222,5000.0,13462.0,0,1.0,3,175000
1,24,2,26,3,5,15,846000,951000,1031000,1221500,1012375.0,158669.13951154248,0.1567,-0.1104,-120650.0,63273.0,1,0.8357,4,1125000
1,52,1,6,3,8,24,812500,783500,832500,1064000,873125.0,128830.2338997592,0.1476,0.037,-80350.0,34925.0,0,0.9306,2,1021000
2,19,1,4,3,4,12,225000,175000,250000,250000,225000.0,35355.33905932738,0.1571,0.2857,-15000.0,17308.0,0,1.0,2,225000
1,17,1,22,5,8,40,286000,382500,498000,444000,402625.0,90948.13082191409,0.2259,-0.2523,-58950.0,9820.0,0,0.7103,2,377000
3,43,2,47,2,7,14,50000,50000,75000,50000,56250.0,12500.0,0.2222,0.0,-2500.0,3750.0,0,0.8889,0,50000
3,30,2,3,6,1,6,253000,209000,150000,273500,221375.0,54664.697627140195,0.2469,0.2105,-250.0,31625.0,0,1.1429,2,326500
0,45,0,36,7,6,42,1628750,925000,1650000,1475000,1419687.5,338883.5453244472,0.2387,0.7608,-26375.0,33016.0,1,1.1473,1,1628750
3,24,1,71,7,4,28,259000,273500,431000,522000,371375.0,127083.55191238032,0.3422,-0.053,-94650.0,12806.0,0,0.6974,0,326500
7,45,0,48,7,6,42,48000,47500,57500,64000,54250.0,7963.45821026686,0.1468,0.0105,-5800.0,1262.0,0,0.8848,2,62500
3,24,2,35,5,3,15,250000,625000,575000,325000,443750.0,184136.49828320293,0.415,-0.6,-17500.0,27734.0,0,0.5634,2,250000
2,51,2,53,2,3,6,151000,32500,122500,134500,110125.0,53052.45046178357,0.4817,3.646,-4050.0,15732.0,1,1.3712,4,59500
3,40,1,8,7,2,14,223000,166500,0,54000,110875.0,101970.89045408988,0.9197,0.3393,67350.0,7392.0,1,2.0113,4,144000
7,40,1,49,3,6,18,44500,24000,28000,38500,33750.0,9420.721840708386,0.2791,0.8541,1400.0,1776.0,0,1.3185,0,38500
2,22,2,20,2,4,8,0,125000,75000,50000,62500.0,52041.64998665331,0.8327,-1.0,-10000.0,6944.0,0,0.0,2,0
1,35,1,71,5,10,50,835000,949500,1034500,1162500,995375.0,138186.09131650455,0.1388,-0.1206,-106750.0,19517.0,1,0.8389,1,1076000
5,38,0,61,4,5,20,300000,301000,423500,459500,371000.0,82723.43480940975,0.223,-0.0033,-60100.0,17667.0,1,0.8086,1,384500
1,23,2,8,6,9,54,1106000,1200500,1381500,1597000,1321250.0,216472.66956053983,0.1638,-0.0787,-165400.0,24023.0,0,0.8371,2,1480000
3,49,1,54,2,2,4,232000,133500,203500,202000,192750.0,41841.96458102798,0.2171,0.7378,2000.0,38550.0,1,1.2036,1,232500
1,47,2,27,7,7,49,975000,475000,0,500000,487500.0,398172.910513343,0.8168,1.0526,190000.0,9750.0,0,2.0,0,975000
2,36,1,19,3,4,12,224500,228000,147000,219000,204625.0,38594.85069280616,0.1886,-0.0154,9750.0,15740.0,1,1.0971,1,156000
6,31,1,61,5,2,10,150000,125000,150000,150000,143750.0,12500.0,0.087,0.2,-2500.0,13068.0,1,1.0435,4,150000
1,37,0,37,7,8,56,1050000,675000,525000,750000,750000.0,220794.02165819617,0.2944,0.5556,105000.0,13158.0,0,1.4,3,1050000
0,34,0,55,5,5,25,125000,475000,325000,425000,337500.0,154784.7968417226,0.4586,-0.7368,-75000.0,12981.0,0,0.3704,2,125000
0,30,0,3,4,10,40,183500,275000,259000,332000,262375.0,61209.17006462349,0.2333,-0.3327,-42950.0,6399.0,1,0.6994,4,378000
5,50,2,8,7,9,63,711000,555000,576500,686500,632250.0,77932.12859063112,0.1233,0.2811,5200.0,9879.0,0,1.1246,2,803000
2,24,0,18,3,2,6,25000,25000,0,0,12500.0,14433.756729740644,1.1546,0.0,10000.0,1786.0,0,1.9998,0,25000
4,28,0,16,6,8,48,950000,725000,575000,975000,806250.0,190804.21903092184,0.2367,0.3103,7500.0,16454.0,1,1.1783,1,950000
5,43,2,22,4,9,36,117500,130000,261000,493000,250375.0,174284.90802897039,0.6961,-0.0962,-125750.0,6767.0,0,0.4693,2,493000
6,40,2,20,5,3,15,235000,212500,209000,191500,212000.0,17874.562931719476,0.0843,0.1059,13400.0,13250.0,0,1.1085,0,261500
2,31,2,62,5,8,40,223000,204000,147500,218500,198250.0,34791.042908580166,0.1755,0.0931,7000.0,4835.0,0,1.1248,3,177500
6,19,2,4,7,3,21,125000,150000,75000,225000,143750.0,62500.0,0.4348,-0.1667,-22500.0,6534.0,0,0.8696,0,125000
5,20,0,23,7,4,28,554500,605000,663000,725500,637000.0,73798.14812491345,0.1159,-0.0835,-57100.0,21966.0,0,0.8705,2,601000
4,28,0,42,7,10,70,1628750,625000,1275000,1750000,1319687.5,505066.3889942258,0.3827,1.606,-101375.0,18587.0,1,1.2342,4,1628750
5,46,0,62,3,4,12,325000,0,150000,150000,156250.0,132876.82265918312,0.8504,325000.0,37500.0,12019.0,0,2.08,2,325000
6,42,0,55,6,4,24,150000,100000,125000,150000,131250.0,23935.677693908452,0.1824,0.5,-2500.0,5250.0,0,1.1428,0,150000
5,52,0,11,4,1,4,584500,685500,637500,741500,662250.0,67029.22248293401,0.1012,-0.1473,-42300.0,132450.0,0,0.8826,2,599000
1,44,2,65,7,9,63,1046500,975500,1053000,1339500,1103625.0,161120.2320215145,0.146,0.0728,-95650.0,17244.0,1,0.9482,1,1253500
6,19,0,68,4,3,12,243500,269000,274000,277500,266000.0,15400.216448695344,0.0579,-0.0948,-10700.0,20462.0,0,0.9154,2,301000
7,40,0,64,1,4,4,25000,25000,25000,50000,31250.0,12500.0,0.4,0.0,-7500.0,6250.0,1,0.8,4,25000
5,24,2,55,3,10,30,360500,488000,520000,598500,491750.0,99052.595456488,0.2014,-0.2613,-74600.0,15863.0,1,0.7331,4,609000
0,33,0,59,3,9,27,373500,266500,134500,190500,241250.0,103438.79027392641,0.4288,0.4015,68100.0,8616.0,1,1.5482,4,244500
7,22,0,35,3,4,12,75000,50000,50000,100000,68750.0,23935.677693908452,0.3482,0.5,-7500.0,5288.0,0,1.0909,3,75000
4,21,1,56,7,6,42,688000,486000,475500,792000,610375.0,155642.4187038996,0.255,0.4156,-30150.0,14195.0,1,1.1272,1,537000
2,27,0,33,7,8,56,146500,220000,226000,299500,223000.0,62509.999200127975,0.2803,-0.3341,-46500.0,3912.0,0,0.6569,2,221500
6,19,1,16,4,6,24,175000,150000,175000,100000,150000.0,35355.33905932738,0.2357,0.1667,20000.0,6000.0,1,1.1667,1,175000
5,43,0,24,4,3,12,77000,64500,117500,108500,91875.0,25190.5240120169,0.2742,0.1938,-14750.0,7067.0,0,0.8381,3,194000
6,22,0,54,4,5,20,208000,161000,151500,258000,194625.0,48941.07851965122,0.2515,0.2919,-14050.0,9268.0,1,1.0687,4,282500
5,41,2,60,3,7,21,125000,175000,300000,425000,256250.0,134435.54837418065,0.5246,-0.2857,-102500.0,11648.0,0,0.4878,0,125000
3,20,1,69,3,5,15,218500,210500,220500,247500,224250.0,16090.88769044973,0.0718,0.038,-9700.0,14016.0,0,0.9744,3,242000
1,20,2,68,5,5,25,1002500,881000,947500,1319000,1037500.0,194130.11100805562,0.1871,0.1379,-101600.0,39904.0,0,0.9663,3,1100000
0,39,0,42,2,4,8,563000,483000,335000,571000,488000.0,109465.36743037346,0.2243,0.1656,12400.0,54222.0,0,1.1537,2,490000
3,20,0,57,5,1,5,354500,241500,390500,440500,356750.0,84539.43852821986,0.237,0.4679,-40700.0,59458.0,0,0.9937,2,324000
6,42,1,54,6,3,18,125000,225000,250000,150000,187500.0,59511.903571190414,0.3174,-0.4444,-10000.0,9868.0,0,0.6667,3,125000
5,23,2,64,3,10,30,103500,82000,41000,103000,82375.0,29346.70623198908,0.3563,0.2622,4250.0,2657.0,0,1.2564,2,144500
1,43,0,36,6,10,60,1300000,1641500,1325000,700000,1241625.0,393114.35465184087,0.3166,-0.208,211650.0,20355.0,1,1.047,1,1300000
7,33,0,22,2,3,6,50000,50000,0,25000,31250.0,23935.677693908452,0.7659,0.0,12500.0,4464.0,1,1.5999,1,50000
0,33,2,27,4,3,12,50000,25000,50000,50000,43750.0,12500.0,0.2857,1.0,-2500.0,3365.0,0,1.1428,2,50000
2,45,0,71,4,8,32,258500,207000,212500,274000,238000.0,33304.153895072406,0.1399,0.2488,-5200.0,7212.0,1,1.0861,1,270000
1,22,2,20,5,9,45,1628750,1175000,1550000,1275000,1407187.5,216694.80987093344,0.154,0.3862,68625.0,30591.0,0,1.1574,2,1628750
1,32,0,43,7,7,49,687000,863000,805500,799000,788625.0,73601.82855518378,0.0933,-0.2039,-27850.0,15772.0,1,0.8711,1,745000
0,39,1,40,6,3,18,403500,563500,373500,479000,454875.0,84936.6185262085,0.1867,-0.2839,-3650.0,23941.0,1,0.8871,4,317500
2,39,0,9,4,6,24,75000,125000,150000,175000,131250.0,42695.62819149833,0.3253,-0.4,-32500.0,5250.0,0,0.5714,0,75000
0,31,0,21,5,3,15,450000,150000,250000,0,212500.0,188745.86088176875,0.8882,2.0,125000.0,13281.0,1,2.1176,4,450000
7,29,1,18,6,7,42,60000,63500,56500,84000,66000.0,12335.585379975555,0.1869,-0.0551,-6500.0,1535.0,1,0.9091,1,72000
5,46,0,62,4,5,20,175000,175000,225000,300000,218750.0,59072.6953281576,0.27,0.0,-42500.0,10417.0,1,0.8,4,175000
6,43,0,18,7,2,14,0,100000,25000,100000,56250.0,51538.82032022076,0.9162,-1.0,-22500.0,3750.0,0,0.0,0,0
5,41,0,16,6,4,24,200000,150000,150000,175000,168750.0,23935.677693908452,0.1418,0.3333,7500.0,6750.0,0,1.1852,0,200000
0,18,0,44,6,8,48,20500,0,0,162500,45750.0,78430.967523464,1.7143,20500.0,-42600.0,934.0,0,0.4481,0,137000
6,31,0,17,5,3,15,25000,50000,50000,50000,43750.0,12500.0,0.2857,-0.5,-7500.0,2734.0,1,0.5714,1,25000
3,17,2,49,4,2,8,431500,372000,374500,497000,418750.0,58961.145398191395,0.1408,0.1599,-19900.0,46528.0,1,1.0304,1,395500
7,45,2,18,4,4,16,50000,47000,58500,52500,52000.0,4881.93950529227,0.0939,0.0638,-1900.0,3059.0,0,0.9615,0,47000
5,28,0,26,2,9,18,402500,425500,451500,378500,414500.0,31251.66662222459,0.0754,-0.0541,4600.0,21816.0,1,0.971,1,323500
3,20,2,49,7,9,63,292500,453500,413000,479500,409625.0,82738.92171563917,0.202,-0.355,-52050.0,6400.0,1,0.7141,1,510000
6,42,2,33,3,3,9,191500,209000,177500,210500,197125.0,15670.43394421482,0.0795,-0.0837,-2550.0,19712.0,0,0.9715,3,197500
2,24,0,25,4,2,8,139000,81000,157500,101500,119750.0,34786.25207367608,0.2905,0.716,3600.0,13306.0,0,1.1607,2,94000
3,38,1,38,2,2,4,125000,50000,150000,175000,125000.0,54006.17248673217,0.432,1.5,-25000.0,25000.0,1,1.0,1,125000
2,19,0,15,2,4,8,246500,221500,200000,92500,190125.0,67800.41174899554,0.3566,0.1129,48350.0,21125.0,0,1.2965,0,156000
3,39,1,29,4,4,16,438500,286500,445000,474000,411000.0,84422.5483308024,0.2054,0.5305,-26500.0,24176.0,0,1.0669,2,564500
3,46,1,20,6,1,6,526500,471500,434500,596000,507125.0,70279.6497335229,0.1386,0.1166,-17150.0,72446.0,1,1.0382,4,466000
7,26,2,25,1,4,4,50000,25000,25000,25000,31250.0,12500.0,0.4,1.0,7500.0,6250.0,0,1.5999,2,50000
1,21,0,44,2,4,8,794500,815500,1047500,929500,896750.0,116697.25789409106,0.1301,-0.0258,-63700.0,99639.0,0,0.886,0,770000
1,44,2,56,6,7,42,775000,1050000,1625000,1300000,1187500.0,361996.77714955783,0.3048,-0.2619,-215000.0,27616.0,0,0.6526,0,775000
2,26,2,19,4,4,16,50000,25000,0,25000,25000.0,20412.41452319315,0.8165,1.0,10000.0,1471.0,0,1.9999,0,50000
0,47,0,20,7,5,35,300000,325000,0,175000,200000.0,148604.62083439174,0.743,-0.0769,70000.0,5556.0,0,1.5,2,300000
6,34,2,27,6,2,12,229000,214500,244000,250000,234375.0,15923.64593929418,0.0679,0.0676,-9250.0,18029.0,1,0.9771,1,193500
3,18,2,32,4,8,32,330500,417000,359000,460000,391625.0,58079.50728670713,0.1483,-0.2074,-33050.0,11867.0,0,0.8439,2,502000
4,45,0,55,3,6,18,716500,729000,751500,1230500,856875.0,249503.96623433998,0.2912,-0.0171,-156450.0,45099.0,0,0.8362,2,1092500
6,37,2,18,6,10,60,245000,252500,289000,210000,249125.0,32399.524173460737,0.1301,-0.0297,6850.0,4084.0,0,0.9834,0,294000
3,44,0,17,3,3,9,330000,308500,233500,140000,253000.0,85942.81044198325,0.3397,0.0697,64500.0,25300.0,0,1.3043,2,181500
2,25,0,11,4,2,8,75000,75000,175000,0,81250.0,71807.03308172536,0.8838,0.0,12500.0,9028.0,0,0.9231,0,75000
3,25,1,68,3,4,12,116000,106000,80500,292500,148750.0,96991.83814459166,0.652,0.0943,-50400.0,11442.0,1,0.7798,1,281000
2,29,2,55,5,4,20,268000,285500,446500,570500,392625.0,143235.45592252407,0.3648,-0.0613,-106850.0,18696.0,0,0.6826,2,466000
7,39,2,21,5,10,50,50000,64500,72500,78000,66250.0,12168.94955751454,0.1837,-0.2248,-9200.0,1299.0,0,0.7547,0,67000
3,31,2,20,2,5,10,200000,75000,75000,225000,143750.0,80039.05296791061,0.5568,1.6666,-7500.0,13068.0,1,1.3913,4,200000
2,38,2,66,6,5,30,425000,350000,400000,425000,400000.0,35355.33905932738,0.0884,0.2143,-5000.0,12903.0,1,1.0625,1,425000
4,27,1,57,5,5,25,302000,392500,397000,393500,371250.0,46206.96195740782,0.1245,-0.2306,-27900.0,14279.0,0,0.8135,2,421000
3,43,1,14,3,1,3,270500,223000,328500,383000,301250.0,69508.39277861822,0.2307,0.213,-44300.0,75312.0,1,0.8979,4,282500
3,18,0,12,4,3,12,75000,50000,75000,125000,81250.0,31457.643480294788,0.3872,0.5,-17500.0,6250.0,1,0.9231,1,75000
4,44,2,16,6,6,36,500000,550000,650000,225000,481250.0,181859.6070232933,0.3779,-0.0909,72500.0,13007.0,0,1.039,0,500000
3,40,0,52,2,5,10,27000,133500,171500,191500,130875.0,73309.13426488316,0.5601,-0.7977,-53150.0,11898.0,0,0.2063,0,231500
4,30,1,48,2,10,20,864500,968500,951500,1103000,971875.0,98572.62551033121,0.1014,-0.1074,-69850.0,46280.0,0,0.8895,3,1014000
4,26,1,44,7,1,7,799500,1039000,993000,1035500,966750.0,113443.45140494742,0.1173,-0.2305,-66200.0,120844.0,0,0.827,0,953000
1,32,0,42,6,5,30,963500,868000,874500,1111500,954375.0,113449.2360779334,0.1189,0.11,-45050.0,30786.0,0,1.0096,2,1116000
0,30,1,21,2,1,2,341500,410500,569000,643000,491000.0,139066.5308404578,0.2832,-0.1681,-106300.0,163667.0,1,0.6955,4,608500
0,35,2,29,4,2,8,175000,150000,150000,150000,156250.0,12500.0,0.08,0.1667,7500.0,17361.0,1,1.12,1,175000
2,36,0,43,6,4,24,275000,625000,525000,425000,462500.0,149303.94055974096,0.3228,-0.56,-35000.0,18500.0,0,0.5946,0,275000
6,40,0,15,3,6,18,425000,325000,275000,450000,368750.0,82600.94833999587,0.224,0.3077,-2500.0,19408.0,0,1.1525,3,425000
0,17,1,61,4,3,12,435500,283500,249000,415500,345875.0,93373.24295535633,0.27,0.5362,9450.0,26606.0,1,1.2591,1,519500
3,43,2,33,4,3,12,110000,101000,160000,310000,170250.0,96713.9252296862,0.5681,0.0891,-65900.0,13096.0,0,0.6461,3,233500
7,39,1,70,1,1,1,25000,25000,0,0,12500.0,14433.756729740644,1.1546,0.0,10000.0,6250.0,1,1.9998,4,25000
0,37,0,35,5,8,40,585500,760000,815000,986000,786625.0,165041.09336768222,0.2098,-0.2296,-125650.0,19186.0,0,0.7443,0,819500
6,23,1,36,6,5,30,375000,175000,325000,225000,275000.0,91287.09291752768,0.332,1.1429,30000.0,8871.0,0,1.3636,2,375000
2,26,0,19,5,9,45,234000,162500,142000,176000,178625.0,39474.411543006776,0.221,0.44,19450.0,3883.0,0,1.31,3,216500
3,37,1,41,3,3,9,25000,50000,50000,25000,37500.0,14433.756729740644,0.3849,-0.5,0.0,3750.0,1,0.6666,4,25000
6,24,1,69,6,1,6,247500,282000,323500,342500,298875.0,42558.53811712365,0.1424,-0.1223,-32650.0,42696.0,0,0.8281,2,360500
6,30,0,31,5,4,20,0,175000,300000,150000,156250.0,123110.72252245131,0.7879,-1.0,-57500.0,7440.0,1,0.0,4,0
6,28,1,8,4,6,24,125000,175000,75000,175000,137500.0,47871.355387816904,0.3482,-0.2857,-5000.0,5500.0,0,0.9091,0,125000
5,35,0,28,3,7,21,75000,50000,75000,125000,81250.0,31457.643480294788,0.3872,0.5,-17500.0,3693.0,0,0.9231,0,75000
6,51,1,32,7,5,35,225000,75000,125000,150000,143750.0,62500.0,0.4348,2.0,17500.0,3993.0,1,1.5652,1,225000
4,33,1,5,5,10,50,618000,640500,747500,912000,729500.0,134143.5797941892,0.1839,-0.0351,-98900.0,14304.0,1,0.8472,1,880500
5,39,1,40,2,2,4,376000,554500,752500,781500,616125.0,189213.00827374423,0.3071,-0.3219,-141450.0,123225.0,0,0.6103,3,673500
1,34,0,32,6,2,12,969500,1095000,932000,899000,973875.0,85732.50550403855,0.088,-0.1146,37450.0,74913.0,1,0.9955,1,1006000
2,41,0,14,5,2,10,262500,143500,232000,333500,242875.0,78722.48196459933,0.3241,0.8293,-30150.0,22080.0,0,1.0808,0,231500
1,21,1,18,6,10,60,800000,1641500,1650000,1812250,1475937.5,457422.59704967204,0.3099,-0.5126,-304525.0,24196.0,0,0.542,2,800000
7,18,0,25,6,8,48,48500,49000,31500,35000,41000.0,9064.583093924764,0.2211,-0.0102,5800.0,837.0,1,1.1829,1,38000
4,45,0,14,6,10,60,866000,920000,980000,1180500,986625.0,137381.0849425786,0.1392,-0.0587,-100350.0,16174.0,1,0.8777,4,996500
1,40,0,44,6,9,54,833000,860500,1067500,1316000,1019250.0,223814.841628819,0.2196,-0.032,-165600.0,18532.0,1,0.8173,1,1147500
4,19,0,18,5,7,35,825000,525000,400000,425000,543750.0,195122.82456613492,0.3588,0.5714,132500.0,15104.0,0,1.5172,0,825000
7,31,2,16,4,4,16,55500,70000,62000,60000,61875.0,6060.459278525569,0.0979,-0.2071,-550.0,3640.0,0,0.897,3,50000
3,51,1,59,7,3,21,372000,341000,455500,324500,373250.0,58261.62258868754,0.1561,0.0909,2800.0,16966.0,0,0.9966,0,214500
2,51,0,34,2,6,12,75000,100000,200000,225000,150000.0,73598.00721939871,0.4907,-0.25,-55000.0,11538.0,0,0.5,0,75000
6,50,0,18,3,9,27,178000,196500,239500,272500,221625.0,42591.81259350205,0.1922,-0.0941,-32650.0,7915.0,0,0.8032,0,305000
5,52,0,12,3,8,24,500000,625000,850000,625000,650000.0,145773.7973711325,0.2243,-0.2,-60000.0,26000.0,0,0.7692,2,500000
6,17,0,12,4,5,20,150000,500000,325000,200000,293750.0,155958.06060177417,0.5309,-0.7,2500.0,13988.0,0,0.5106,2,150000
5,51,1,50,7,2,14,289000,174500,263500,596500,330875.0,183759.52356272587,0.5554,0.6562,-101150.0,22058.0,0,0.8734,2,617000
6,43,0,50,4,7,28,119500,141000,158500,201500,155125.0,34788.34814512851,0.2243,-0.1525,-26350.0,5349.0,0,0.7703,3,212000
2,49,2,55,4,7,28,300000,400000,225000,175000,275000.0,97894.50103725608,0.356,-0.25,55000.0,9483.0,0,1.0909,3,300000
3,23,2,69,3,4,12,315000,278500,326500,641000,390250.0,168414.4194143324,0.4316,0.1311,-102600.0,30019.0,0,0.8072,2,607500
6,39,0,54,6,2,12,225000,375000,225000,375000,300000.0,86602.54037844387,0.2887,-0.4,-30000.0,23077.0,1,0.75,4,225000
7,19,2,13,4,1,4,50000,25000,0,50000,31250.0,23935.677693908452,0.7659,1.0,2500.0,6250.0,0,1.5999,2,50000
1,24,2,23,7,9,63,1025000,0,800000,1812250,909312.5,745537.4284981719,0.8199,1025000.0,-316175.0,14208.0,0,1.1272,0,1025000
0,38,2,28,4,4,16,425000,0,175000,275000,218750.0,178389.78857173037,0.8155,425000.0,27500.0,12868.0,1,1.9428,4,425000
6,21,2,13,5,6,30,200000,150000,375000,425000,287500.0,133072.66185559426,0.4629,0.3333,-90000.0,9274.0,1,0.6956,1,200000
3,21,1,5,4,2,8,0,0,100000,100000,50000.0,57735.026918962576,1.1547,0.0,-40000.0,5556.0,1,0.0,1,0
6,43,0,59,6,6,36,300000,750000,1050000,600000,675000.0,312249.8999199199,0.4626,-0.6,-120000.0,18243.0,1,0.4444,4,300000
0,49,0,65,6,5,30,325000,1125000,950000,550000,737500.0,365433.53248801164,0.4955,-0.7111,-50000.0,23790.0,0,0.4407,2,325000
0,40,2,40,5,6,30,413500,448000,383000,265000,377375.0,79483.09568707047,0.2106,-0.077,51050.0,12173.0,0,1.0957,3,86000
4,50,1,10,7,7,49,1150000,1425000,925000,650000,1037500.0,329456.6233461799,0.3175,-0.193,200000.0,20750.0,1,1.1084,4,1150000
6,45,1,44,3,5,15,275000,250000,275000,300000,275000.0,20412.41452319315,0.0742,0.1,-10000.0,17188.0,1,1.0,1,275000
1,33,2,7,7,9,63,975000,1050000,1100000,525000,912500.0,263391.34382131847,0.2886,-0.0714,130000.0,14258.0,0,1.0685,0,975000
6,29,2,34,7,2,14,375000,125000,325000,450000,318750.0,139006.89431343562,0.4361,2.0,-42500.0,21250.0,0,1.1765,0,375000
2,17,0,9,5,3,15,25000,50000,75000,50000,50000.0,20412.41452319315,0.4082,-0.5,-10000.0,3125.0,0,0.5,0,25000
0,19,0,11,6,3,18,475000,525000,575000,175000,437500.0,179698.8221070652,0.4107,-0.0952,85000.0,23026.0,0,1.0857,0,475000
2,35,2,20,3,2,6,50000,50000,25000,50000,43750.0,12500.0,0.2857,0.0,2500.0,6250.0,0,1.1428,0,50000
4,38,2,60,6,2,12,735500,941500,883500,988000,887125.0,109750.75929881609,0.1237,-0.2188,-69950.0,68240.0,1,0.8291,4,946000
5,20,1,8,3,8,24,539000,584500,579500,655500,589625.0,48412.0766613731,0.0821,-0.0778,-34450.0,23585.0,0,0.9141,2,643500
7,50,2,65,7,2,14,80500,71500,80000,95000,81750.0,9751.06831754005,0.1193,0.1259,-5200.0,5450.0,0,0.9847,0,95500
4,44,0,66,5,6,30,525000,375000,400000,150000,362500.0,156124.94995995995,0.4307,0.4,110000.0,11694.0,1,1.4483,1,525000
7,39,2,20,3,5,15,42500,43500,53000,61000,50000.0,8727.351641057363,0.1745,-0.023,-6500.0,3125.0,0,0.85,3,63500
5,43,2,35,6,4,24,775000,625000,475000,525000,600000.0,132287.56555322953,0.2205,0.24,90000.0,24000.0,0,1.2917,0,775000
3,18,2,12,2,2,4,50000,100000,25000,100000,68750.0,37500.0,0.5454,-0.5,-7500.0,13750.0,1,0.7273,4,50000
0,26,0,46,6,2,12,300000,175000,275000,0,187500.0,136167.78865306824,0.7262,0.7143,80000.0,14423.0,0,1.6,0,300000
5,47,0,12,6,9,54,482500,495500,532000,680000,547500.0,90784.54347152567,0.1658,-0.0262,-62900.0,9955.0,0,0.8813,3,691500
1,39,2,15,2,10,20,830500,843500,973000,1017000,916000.0,93124.46867857376,0.1017,-0.0154,-68900.0,43619.0,1,0.9067,4,1050500
5,19,2,54,6,2,12,420000,494000,470500,428000,453125.0,35124.48101633199,0.0775,-0.1498,-50.0,34856.0,0,0.9269,0,416500
7,22,1,26,4,4,16,25000,50000,0,75000,37500.0,32274.86121839514,0.8606,-0.5,-10000.0,2206.0,1,0.6666,4,25000
4,37,1,19,6,1,6,545000,545500,667500,761000,629750.0,104773.16768460647,0.1664,-0.0009,-77000.0,89964.0,1,0.8654,4,713500
6,48,2,40,6,6,36,342500,334500,448000,552500,419375.0,102721.6100276211,0.2449,0.0239,-74350.0,11334.0,0,0.8167,2,471500
6,31,1,52,4,4,16,100000,275000,200000,225000,200000.0,73598.00721939871,0.368,-0.6364,-30000.0,11765.0,1,0.5,1,100000
6,22,0,16,2,10,20,292500,270500,267500,364500,298750.0,45228.12546782514,0.1514,0.0813,-21300.0,14226.0,1,0.9791,4,290000
6,27,2,24,7,2,14,93500,92500,64500,227000,119375.0,72998.1449535991,0.6115,0.0108,-37250.0,7958.0,1,0.7832,1,184500
5,17,2,15,4,8,32,975000,1050000,500000,350000,718750.0,346034.0782832427,0.4814,-0.0714,242500.0,21780.0,0,1.3565,3,975000
2,23,2,48,3,8,24,185000,259000,248500,164000,214125.0,46748.21743482133,0.2183,-0.2857,7350.0,8565.0,1,0.864,1,129000
4,35,0,21,7,10,70,775000,1641500,950000,1812250,1294687.5,508931.69871637324,0.3931,-0.5279,-242025.0,18235.0,0,0.5986,0,775000
1,35,1,12,6,6,36,1047000,1062000,1208500,1197500,1128750.0,86072.1596491378,0.0763,-0.0141,-59800.0,30507.0,0,0.9276,3,1163000
2,52,2,66,3,6,18,129500,251000,299000,411000,272625.0,116612.87450363275,0.4277,-0.4841,-89250.0,14349.0,0,0.475,3,299000
7,18,1,11,2,2,4,25000,25000,0,25000,18750.0,12500.0,0.6666,0.0,2500.0,3750.0,0,1.3333,0,25000
5,36,1,26,7,7,49,354500,322000,401000,242500,330000.0,66737.04618376013,0.2022,0.1009,25700.0,6600.0,0,1.0742,0,367500
6,46,2,56,4,5,20,350000,200000,175000,375000,275000.0,102062.07261596575,0.3711,0.75,-5000.0,13095.0,0,1.2727,2,350000
1,40,2,67,6,7,42,700000,1325000,0,800000,706250.0,544814.5709015743,0.7714,-0.4717,102500.0,16424.0,0,0.9911,0,700000
6,52,2,17,5,8,40,209500,157500,192500,215500,193750.0,26056.029372616747,0.1345,0.3302,-5300.0,4726.0,1,1.0813,4,148000
4,24,0,38,6,6,36,575000,400000,575000,250000,450000.0,156790.7310185565,0.3484,0.4375,80000.0,12162.0,1,1.2778,1,575000
2,51,1,41,4,10,40,110000,221000,294500,331000,239125.0,97483.65247568436,0.4077,-0.5023,-73650.0,5832.0,0,0.46,2,213500
5,44,0,3,6,7,42,109000,126000,161000,152000,137000.0,23846.73283002656,0.1741,-0.1349,-16400.0,3186.0,1,0.7956,1,226000
6,36,1,15,4,2,8,50000,25000,0,75000,37500.0,32274.86121839514,0.8606,1.0,-5000.0,4167.0,1,1.3333,4,50000
5,52,2,17,4,5,20,275000,350000,150000,150000,231250.0,98689.32735272509,0.4268,-0.2143,57500.0,11012.0,0,1.1892,2,275000
6,50,2,32,3,6,18,0,275000,275000,150000,175000.0,130703.22617798434,0.7469,-1.0,-45000.0,9211.0,1,0.0,1,0
7,36,2,10,1,4,4,50000,50000,25000,50000,43750.0,12500.0,0.2857,0.0,2500.0,8750.0,1,1.1428,4,50000
2,47,2,72,2,4,8,25000,50000,25000,25000,31250.0,12500.0,0.4,-0.5,2500.0,3472.0,1,0.8,1,25000
6,23,1,12,2,7,14,232000,218500,176000,189000,203875.0,25840.45600732825,0.1267,0.0618,17150.0,13592.0,0,1.1379,2,175500
1,17,1,12,5,10,50,0,825000,1650000,1812250,1071812.5,835114.1482605836,0.7792,-1.0,-626175.0,21016.0,0,0.0,2,0
4,23,1,43,4,5,20,1068500,941000,996500,1046000,1013000.0,56643.62276549762,0.0559,0.1355,1200.0,48238.0,0,1.0548,2,992500
2,35,0,42,4,10,40,195000,227000,284000,438500,286125.0,108046.5756051528,0.3776,-0.141,-78750.0,6979.0,1,0.6815,4,365500
5,41,2,37,3,6,18,300000,125000,275000,475000,293750.0,143432.62065048754,0.4883,1.4,-67500.0,15461.0,0,1.0213,2,300000
3,38,0,61,5,3,15,354000,336000,390500,616500,424250.0,130156.63640398825,0.3068,0.0536,-84200.0,26516.0,0,0.8344,0,441500
2,22,2,34,2,9,18,249500,139000,228500,320000,234250.0,74590.54899918621,0.3184,0.795,-30100.0,12329.0,1,1.0651,1,318000
5,27,1,22,7,1,7,250500,258500,338500,355000,300625.0,53784.09771174623,0.1789,-0.0309,-39350.0,37578.0,0,0.8333,0,400000
1,42,2,17,5,7,35,975000,650000,975000,1300000,975000.0,265361.38880151097,0.2722,0.5,-130000.0,27083.0,0,1.0,3,975000
0,26,1,26,6,6,36,925000,0,1125000,925000,743750.0,504717.33012978,0.6786,925000.0,-112500.0,20101.0,0,1.2437,2,925000
4,21,0,6,7,2,14,792000,697000,752500,860500,775500.0,68771.3603180859,0.0887,0.1363,-26100.0,51700.0,0,1.0213,3,950500
2,17,2,2,5,7,35,300000,175000,275000,400000,287500.0,92421.13755341181,0.3215,0.7143,-40000.0,7986.0,1,1.0435,4,300000
7,23,0,41,2,10,20,57000,44500,67500,64500,58375.0,10250.0,0.1756,0.2809,-4550.0,2780.0,0,0.9764,3,65000
5,44,1,55,4,2,8,495500,536500,612500,702500,586750.0,91127.65771158611,0.1553,-0.0764,-69700.0,65194.0,0,0.8445,3,597000
6,37,1,10,7,5,35,525000,675000,525000,625000,587500.0,75000.0,0.1277,-0.2222,-15000.0,16319.0,1,0.8936,1,525000
7,45,0,63,4,4,16,75000,150000,75000,150000,112500.0,43301.270189221934,0.3849,-0.5,-15000.0,6618.0,0,0.6667,3,75000
5,25,0,44,3,4,12,75000,75000,75000,100000,81250.0,12500.0,0.1538,0.0,-7500.0,6250.0,0,0.9231,2,75000
7,46,0,10,2,2,4,25000,50000,25000,75000,43750.0,23935.677693908452,0.5471,-0.5,-12500.0,8750.0,1,0.5714,1,25000
4,20,1,11,3,10,30,394000,349500,462500,429000,408750.0,48398.519261095855,0.1184,0.1273,-21800.0,13185.0,0,0.9639,3,453500
2,24,1,17,4,1,4,204500,93000,63000,168500,132250.0,65498.727723012555,0.4953,1.1989,13800.0,26450.0,0,1.5463,2,181500
4,51,0,51,6,9,54,850000,1641500,1550000,625000,1166625.0,505335.42903039494,0.4332,-0.4822,76650.0,21211.0,1,0.7286,1,850000
6,46,2,17,6,4,24,125000,125000,75000,50000,93750.0,37500.0,0.4,0.0,27500.0,3750.0,0,1.3333,0,125000
0,46,0,34,4,3,12,225000,300000,175000,0,175000.0,127475.48783981962,0.7284,-0.25,80000.0,13462.0,1,1.2857,4,225000
0,19,0,15,2,4,8,508500,329500,486000,837500,540375.0,213482.38608060073,0.3951,0.5432,-114350.0,60042.0,0,0.941,0,740500
6,33,0,9,3,3,9,75000,50000,75000,0,50000.0,35355.33905932738,0.7071,0.5,20000.0,5000.0,0,1.5,3,75000
7,38,1,51,2,4,8,25000,75000,75000,50000,56250.0,23935.677693908452,0.4255,-0.6667,-7500.0,6250.0,1,0.4444,4,25000
4,49,2,8,4,8,32,963000,897000,1085500,1116000,1015375.0,102954.17670012228,0.1014,0.0736,-64750.0,30769.0,1,0.9484,4,862000
3,19,2,59,4,8,32,264500,235500,272500,339500,278000.0,43973.47685442517,0.1582,0.1231,-26200.0,8424.0,0,0.9514,2,370500
7,31,0,56,4,10,40,53000,51000,62500,67000,58375.0,7630.803802134259,0.1307,0.0392,-5350.0,1424.0,0,0.9079,3,58500
4,29,2,48,7,8,56,1025000,1000000,1000000,1812250,1209312.5,402131.06150234153,0.3325,0.025,-236175.0,21216.0,1,0.8476,4,1025000
7,22,0,38,4,1,4,75000,25000,25000,75000,50000.0,28867.513459481288,0.5773,1.9999,0.0,10000.0,0,1.5,2,75000
1,44,0,13,7,10,70,1175000,1641500,1175000,650000,1160375.0,405130.30311246775,0.3491,-0.2842,204150.0,16343.0,0,1.0126,2,1175000
2,21,1,5,2,5,10,0,0,0,48500,12125.0,24250.0,1.9998,0.0,-14550.0,1102.0,0,0.0,2,28000
4,20,2,47,5,6,30,981000,985000,886000,1023500,968875.0,58478.45044686689,0.0604,-0.0041,-2850.0,31254.0,1,1.0125,1,900000
0,35,2,44,7,6,42,1100000,1075000,1400000,800000,1093750.0,245267.7108793573,0.2242,0.0233,57500.0,25436.0,1,1.0057,1,1100000
2,23,0,40,7,8,56,79000,26000,71500,22000,49625.0,29791.987177763083,0.6003,2.0384,12550.0,871.0,1,1.5919,1,82500
2,25,0,36,5,5,25,200000,275000,425000,175000,268750.0,112500.0,0.4186,-0.2727,-7500.0,10337.0,1,0.7442,1,200000
6,45,0,66,6,1,6,416000,410000,451500,547000,456125.0,63290.83003616453,0.1388,0.0146,-43450.0,65161.0,1,0.912,4,423500
0,40,1,28,3,2,6,125000,125000,75000,125000,112500.0,25000.0,0.2222,0.0,5000.0,16071.0,0,1.1111,3,125000
4,30,2,65,6,10,60,450000,575000,0,800000,456250.0,336882.1505116193,0.7384,-0.2174,-47500.0,7480.0,1,0.9863,4,450000
4,26,2,11,7,8,56,350000,800000,875000,625000,662500.0,233184.47632722039,0.352,-0.5625,-90000.0,11623.0,0,0.5283,0,350000
5,48,0,19,7,5,35,604500,490500,557500,539000,547875.0,47151.13112817832,0.0861,0.2324,12950.0,15219.0,0,1.1034,3,499500
3,34,2,20,2,8,16,372000,396500,412000,385000,391375.0,17006.738860424317,0.0435,-0.0618,-5450.0,23022.0,1,0.9505,4,368500
3,24,1,18,4,7,28,548000,450500,516000,640000,538625.0,78830.38225625109,0.1464,0.2164,-34150.0,18573.0,1,1.0174,1,449000
1,22,2,25,3,1,3,921000,926000,1138000,1240500,1056375.0,159047.88325113498,0.1506,-0.0054,-117050.0,264094.0,0,0.8718,0,1177000
6,37,1,53,6,4,24,375000,650000,525000,475000,506250.0,114336.85611676869,0.2259,-0.4231,-17500.0,20250.0,1,0.7407,4,375000
1,26,2,43,6,10,60,908000,798000,1029000,1259000,998500.0,197636.87240323686,0.1979,0.1378,-128400.0,16369.0,0,0.9094,3,1412500
6,20,2,16,7,8,56,173000,132000,187000,230000,180500.0,40418.64256338486,0.2239,0.3106,-22600.0,3167.0,0,0.9584,0,181000
1,37,0,13,5,10,50,940500,1062500,1222500,1335500,1140250.0,174004.54974894575,0.1526,-0.1148,-134500.0,22358.0,0,0.8248,2,1301500
5,44,2,20,3,7,21,675000,0,675000,600000,487500.0,326917.4207655505,0.6706,675000.0,-45000.0,22159.0,0,1.3846,0,675000
6,36,0,12,5,5,25,350000,425000,325000,250000,337500.0,72168.78364870322,0.2138,-0.1765,40000.0,12981.0,1,1.037,1,350000
0,51,1,38,3,6,18,336500,326000,376500,164500,300875.0,93483.84441531418,0.3107,0.0322,46550.0,15836.0,1,1.1184,4,277500
2,43,2,48,3,9,27,203500,169500,237000,349000,239750.0,77872.22440211487,0.3248,0.2006,-50400.0,8562.0,1,0.8488,1,319000
6,43,0,38,5,6,30,225000,0,275000,325000,206250.0,143432.62065048754,0.6954,225000.0,-57500.0,6653.0,0,1.0909,0,225000
6,29,1,47,5,6,30,275000,450000,225000,400000,337500.0,105079.3351076541,0.3113,-0.3889,-15000.0,10887.0,0,0.8148,3,275000
7,20,0,24,3,9,27,47500,45000,39500,40000,43000.0,3894.4404818493076,0.0906,0.0556,2800.0,1536.0,0,1.1046,3,25000
4,43,2,30,5,1,5,611000,598000,832000,973000,753500.0,181502.06610394275,0.2409,0.0217,-132000.0,125583.0,0,0.8109,0,1164000
7,18,2,35,6,3,18,68500,65000,64500,73500,67875.0,4150.803135137424,0.0612,0.0538,-1450.0,3572.0,0,1.0092,3,62500
5,32,2,22,5,3,15,193000,189000,149500,61000,148125.0,61311.19392084939,0.4139,0.0212,43550.0,9258.0,1,1.3029,1,71000
4,52,0,68,5,8,40,450000,600000,275000,625000,487500.0,161374.30609197568,0.331,-0.25,-20000.0,11890.0,0,0.9231,0,450000
6,43,2,4,5,1,5,236000,155000,274000,308500,243375.0,65938.57621554573,0.2709,0.5226,-33650.0,40562.0,1,0.9697,4,323500
6,32,0,51,6,8,48,291500,269000,275000,358000,298375.0,40872.51521499503,0.137,0.0836,-20550.0,6089.0,0,0.977,3,296000
5,41,1,71,5,8,40,550000,1300000,800000,725000,843750.0,321697.9691159603,0.3813,-0.5769,-2500.0,20579.0,1,0.6519,1,550000
4,50,1,59,5,8,40,784000,1012000,1055500,888000,934875.0,123097.77617812598,0.1317,-0.2253,-35550.0,22802.0,1,0.8386,4,913000
5,43,2,45,4,6,24,499500,500500,519500,479000,499625.0,16544.762514665075,0.0331,-0.002,4250.0,19985.0,1,0.9997,1,393500
3,17,2,5,2,6,12,150000,125000,75000,125000,118750.0,31457.643480294788,0.2649,0.2,12500.0,9135.0,1,1.2631,1,150000
4,35,0,20,7,10,70,668500,616500,571000,878500,683625.0,135886.21158896145,0.1988,0.0843,-58450.0,9629.0,0,0.9779,2,846500
6,21,0,40,3,6,18,130000,180000,221500,276500,202000.0,62178.50646860751,0.3078,-0.2778,-48100.0,10632.0,0,0.6436,0,279000
7,36,0,55,2,4,8,0,50000,50000,50000,37500.0,25000.0,0.6666,-1.0,-15000.0,4167.0,1,0.0,1,0
3,21,1,8,2,7,14,50000,125000,175000,125000,118750.0,51538.82032022076,0.434,-0.6,-27500.0,7917.0,0,0.421,0,50000
0,42,0,18,5,1,5,408500,663500,440500,397500,477500.0,125334.21985502071,0.2625,-0.3843,25600.0,79583.0,0,0.8555,0,378000
4,41,2,64,3,4,12,944500,994500,1391500,1387500,1179500.0,243350.2277240219,0.2063,-0.0503,-172600.0,90731.0,0,0.8008,2,1059000
3,40,2,30,4,3,12,175000,300000,0,200000,168750.0,124791.49276559947,0.7395,-0.4167,22500.0,12981.0,0,1.037,0,175000
2,41,2,36,5,6,30,175000,200000,125000,175000,168750.0,31457.643480294788,0.1864,-0.125,7500.0,5444.0,0,1.037,2,175000
1,21,2,14,7,10,70,950000,850000,1650000,1025000,1118750.0,361348.7465962303,0.323,0.1176,-102500.0,15757.0,1,0.8492,1,950000
2,43,1,32,7,1,7,273500,302500,296000,275500,286875.0,14556.642241029807,0.0507,-0.0959,50.0,35859.0,0,0.9534,2,218500
2,38,2,44,4,3,12,105000,158500,244000,222500,182500.0,63151.93319817428,0.346,-0.3375,-43800.0,14038.0,1,0.5753,4,152000
4,17,2,58,3,1,3,850000,626500,840500,1004500,830375.0,155319.2277214898,0.187,0.3567,-67750.0,207594.0,0,1.0236,2,1002500
1,27,2,66,7,9,63,1041500,1098500,986500,906500,1008250.0,81806.17336118345,0.0811,-0.0519,51700.0,15754.0,1,1.033,1,1023500
0,28,2,10,5,5,25,338500,350000,329000,356500,343500.0,12199.726772896733,0.0355,-0.0329,-3300.0,13212.0,0,0.9854,0,250000
6,43,1,46,7,6,42,550000,625000,900000,975000,762500.0,206659.9461272874,0.271,-0.12,-155000.0,17733.0,0,0.7213,0,550000
6,35,0,34,7,4,28,675000,450000,600000,425000,537500.0,119895.78808281799,0.2231,0.5,60000.0,18534.0,0,1.2558,3,675000
1,51,1,6,3,5,15,847000,604000,617000,632000,675000.0,115235.98974857348,0.1707,0.4023,63200.0,42188.0,0,1.2548,0,493500
3,31,0,67,3,2,6,150000,125000,100000,175000,137500.0,32274.86121839514,0.2347,0.2,-5000.0,19643.0,0,1.0909,0,150000
4,33,2,41,6,1,6,761000,647000,739000,892000,759750.0,101052.37915721397,0.133,0.1762,-48500.0,108536.0,0,1.0016,2,977500
0,38,0,15,4,10,40,540000,698500,670000,954000,715625.0,173245.18992841715,0.2421,-0.2269,-121350.0,17454.0,0,0.7546,3,850000
4,42,2,35,5,8,40,600000,350000,725000,225000,475000.0,228217.7322938192,0.4805,0.7143,75000.0,11585.0,0,1.2632,0,600000
4,18,0,38,4,7,28,455500,573000,544500,549500,530625.0,51601.63918585016,0.0972,-0.2051,-25350.0,18297.0,0,0.8584,0,335000
6,37,0,65,6,3,18,150000,175000,75000,150000,137500.0,43301.270189221934,0.3149,-0.1429,10000.0,7237.0,0,1.0909,2,150000
4,35,1,20,5,9,45,425000,500000,600000,450000,493750.0,77392.3984208613,0.1567,-0.15,-17500.0,10734.0,0,0.8608,3,425000
2,43,2,22,2,5,10,25000,0,25000,25000,18750.0,12500.0,0.6666,25000.0,-2500.0,1705.0,0,1.3333,2,25000
1,44,2,54,7,9,63,1525000,1450000,1650000,1300000,1481250.0,146308.74888399531,0.0988,0.0517,47500.0,23145.0,1,1.0295,4,1525000
4,47,0,67,5,6,30,550000,675000,750000,275000,562500.0,208666.40042581523,0.371,-0.1852,75000.0,18145.0,0,0.9778,2,550000
3,22,0,53,6,4,24,179500,233000,41500,196000,162500.0,83710.81172704037,0.5151,-0.2296,14200.0,6500.0,1,1.1046,1,103000
6,20,1,3,3,2,6,50000,25000,25000,50000,37500.0,14433.756729740644,0.3849,1.0,0.0,5357.0,1,1.3333,1,50000
