user_id,gig_type,age,is_main_income,tenure_months,days_per_week,hours_per_day,income_week1,income_week2,income_week3,income_week4,target_income,peak_week,data_source,gig_type_encoded
REAL_0000,seller_online,43,1,5,6,6,575000,950000,875000,325000,575000,2,survey,6
REAL_0001,driver_online,20,2,27,1,9,800000,1000000,500000,975000,800000,4,survey,1
REAL_0002,seller_online,17,0,23,3,1,725000,575000,725000,550000,725000,2,survey,6
REAL_0003,tutor,44,0,11,3,10,475000,725000,1150000,1050000,475000,2,survey,7
REAL_0004,tutor,43,2,33,3,3,650000,1875000,675000,675000,650000,2,survey,7
REAL_0005,freelance_it,39,2,62,2,2,2100000,1250000,1950000,1625000,2100000,3,survey,3
REAL_0006,tutor,21,2,68,2,7,1200000,750000,975000,1000000,1200000,4,survey,7
REAL_0007,pekerja_harian,45,1,56,1,5,800000,975000,375000,700000,800000,4,survey,5
REAL_0008,seller_online,43,1,5,6,6,575000,950000,875000,325000,575000,2,survey,6
REAL_0009,driver_online,20,2,27,1,9,800000,1000000,500000,975000,800000,4,survey,1
REAL_0010,pekerja_harian,44,2,72,7,6,475000,700000,500000,500000,475000,0,survey,5
REAL_0011,seller_online,17,0,23,3,1,725000,575000,725000,550000,725000,2,survey,6
REAL_0012,pekerja_harian,40,0,56,5,7,375000,1125000,1000000,525000,375000,1,survey,5
REAL_0013,tutor,44,0,11,3,10,475000,725000,1150000,1050000,475000,2,survey,7
REAL_0014,freelance_creative,28,0,64,4,10,1875000,2225000,1800000,2425000,1875000,2,survey,2
REAL_0015,tutor,43,2,33,3,3,650000,1875000,675000,675000,650000,2,survey,7
REAL_0016,driver_online,20,0,65,4,8,1000000,1250000,1375000,875000,1000000,4,survey,1
REAL_0017,freelance_it,39,2,62,2,2,2100000,1250000,1950000,1625000,2100000,3,survey,3
REAL_0018,seller_online,19,1,48,3,7,950000,875000,325000,825000,950000,2,survey,6
REAL_0019,tutor,21,2,68,2,7,1200000,750000,975000,1000000,1200000,4,survey,7
REAL_0020,seller_online,39,2,11,3,9,825000,550000,375000,875000,825000,4,survey,6
REAL_0021,pekerja_harian,45,1,56,1,5,800000,975000,375000,700000,800000,4,survey,5
REAL_0022,pekerja_harian,29,0,65,7,9,350000,625000,1025000,425000,350000,3,survey,5
REAL_0023,pekerja_harian,31,0,48,6,10,700000,550000,625000,750000,700000,1,survey,5
REAL_0024,pekerja_harian,44,2,72,7,6,475000,700000,500000,500000,475000,0,survey,5
REAL_0025,freelance_it,45,0,29,7,8,1675000,875000,950000,2050000,1675000,1,survey,3
REAL_0026,pekerja_harian,40,0,56,5,7,375000,1125000,1000000,525000,375000,1,survey,5
REAL_0027,pekerja_harian,25,0,3,3,4,600000,725000,600000,300000,600000,2,survey,5
REAL_0028,freelance_creative,28,0,64,4,10,1875000,2225000,1800000,2425000,1875000,2,survey,2
REAL_0029,driver_online,20,0,65,4,8,1000000,1250000,1375000,875000,1000000,4,survey,1
REAL_0030,pekerja_harian,51,0,38,4,1,675000,900000,525000,1000000,675000,4,survey,5
REAL_0031,seller_online,19,1,48,3,7,950000,875000,325000,825000,950000,2,survey,6
REAL_0032,freelance_it,18,2,14,7,10,2475000,1050000,1550000,1525000,2475000,1,survey,3
REAL_0033,content_creator,36,1,5,7,4,950000,1550000,1650000,925000,950000,0,survey,0
REAL_0034,seller_online,39,2,11,3,9,825000,550000,375000,875000,825000,4,survey,6
REAL_0035,freelance_it,22,2,38,3,2,950000,900000,1125000,1525000,950000,1,survey,3
REAL_0036,pekerja_harian,29,0,65,7,9,350000,625000,1025000,425000,350000,3,survey,5
REAL_0037,seller_online,18,0,17,1,4,1075000,750000,1400000,400000,1075000,1,survey,6
REAL_0038,pekerja_harian,50,2,58,2,10,800000,1050000,425000,375000,800000,0,survey,5
REAL_0039,pekerja_harian,31,0,48,6,10,700000,550000,625000,750000,700000,1,survey,5
REAL_0040,seller_online,40,0,31,7,8,425000,550000,500000,800000,425000,1,survey,6
REAL_0041,freelance_it,45,0,29,7,8,1675000,875000,950000,2050000,1675000,1,survey,3
REAL_0042,pekerja_harian,25,0,3,3,4,600000,725000,600000,300000,600000,2,survey,5
REAL_0043,kurir,45,2,24,7,3,1000000,1450000,1400000,1025000,1000000,2,survey,4
REAL_0044,freelance_it,25,2,20,2,10,2500000,1525000,2600000,850000,2505290,0,survey,3
REAL_0045,pekerja_harian,51,0,38,4,1,675000,900000,525000,1000000,675000,4,survey,5
REAL_0046,freelance_it,36,1,59,1,1,1200000,1275000,825000,1450000,1200000,2,survey,3
REAL_0047,freelance_it,18,2,14,7,10,2475000,1050000,1550000,1525000,2475000,1,survey,3
REAL_0048,seller_online,23,2,54,2,3,725000,1025000,725000,1225000,725000,3,survey,6
REAL_0049,content_creator,36,1,5,7,4,950000,1550000,1650000,925000,950000,0,survey,0
REAL_0050,freelance_it,48,0,56,2,5,1575000,1675000,850000,875000,1575000,4,survey,3
REAL_0051,freelance_it,22,2,38,3,2,950000,900000,1125000,1525000,950000,1,survey,3
REAL_0052,kurir,25,2,47,7,3,975000,775000,400000,400000,975000,2,survey,4
REAL_0053,seller_online,18,0,17,1,4,1075000,750000,1400000,400000,1075000,1,survey,6
REAL_0054,freelance_it,38,1,3,3,6,975000,1650000,1400000,2590010,975000,0,survey,3
REAL_0055,pekerja_harian,50,2,58,2,10,800000,1050000,425000,375000,800000,0,survey,5
REAL_0056,tutor,26,0,25,1,8,1050000,1050000,750000,1175000,1050000,4,survey,7
REAL_0057,seller_online,40,0,31,7,8,425000,550000,500000,800000,425000,1,survey,6
REAL_0058,pekerja_harian,51,1,25,2,5,600000,1225000,1250000,1050000,600000,1,survey,5
REAL_0059,kurir,45,2,24,7,3,1000000,1450000,1400000,1025000,1000000,2,survey,4
REAL_0060,seller_online,35,0,45,4,5,875000,575000,925000,1350000,875000,2,survey,6
REAL_0061,freelance_it,25,2,20,2,10,2500000,1525000,2600000,850000,2505290,0,survey,3
REAL_0062,freelance_it,36,1,59,1,1,1200000,1275000,825000,1450000,1200000,2,survey,3
REAL_0063,seller_online,23,2,54,2,3,725000,1025000,725000,1225000,725000,3,survey,6
REAL_0064,freelance_it,48,0,56,2,5,1575000,1675000,850000,875000,1575000,4,survey,3
REAL_0065,kurir,25,2,47,7,3,975000,775000,400000,400000,975000,2,survey,4
REAL_0066,freelance_it,38,1,3,3,6,975000,1650000,1400000,2590010,975000,0,survey,3
REAL_0067,tutor,26,0,25,1,8,1050000,1050000,750000,1175000,1050000,4,survey,7
REAL_0068,pekerja_harian,51,1,25,2,5,600000,1225000,1250000,1050000,600000,1,survey,5
REAL_0069,seller_online,35,0,45,4,5,875000,575000,925000,1350000,875000,2,survey,6
REAL_0070,content_creator,47,2,21,4,8,1475000,1625000,925000,925000,1475000,0,survey,0
REAL_0071,driver_online,17,1,59,6,9,900000,1375000,1275000,875000,900000,1,survey,1
REAL_0072,freelance_creative,28,0,52,6,2,1975000,1225000,1925000,525000,1975000,3,survey,2
REAL_0073,driver_online,24,2,65,6,5,800000,1050000,575000,450000,800000,1,survey,1
REAL_0074,kurir,24,2,69,2,3,1350000,875000,1150000,1200000,1350000,3,survey,4
REAL_0075,freelance_it,18,2,28,5,2,1075000,1450000,1225000,550000,1075000,0,survey,3
REAL_0076,seller_online,39,1,68,2,4,375000,400000,700000,1125000,375000,4,survey,6
REAL_0077,driver_online,32,1,7,2,1,775000,875000,1100000,1125000,775000,1,survey,1
REAL_0078,freelance_it,20,2,64,1,6,2475000,1800000,2175000,2590010,2475000,3,survey,3
REAL_0079,seller_online,46,1,32,3,4,800000,1025000,950000,350000,800000,1,survey,6
REAL_0080,freelance_it,17,0,27,4,4,1350000,1250000,1625000,2000000,1350000,2,survey,3
REAL_0081,freelance_creative,26,2,54,3,3,1000000,1075000,1775000,1275000,1000000,2,survey,2
REAL_0082,driver_online,50,0,1,4,3,350000,425000,500000,700000,350000,0,survey,1
REAL_0083,tutor,28,0,68,3,6,1500000,550000,1725000,1050000,1500000,1,survey,7
REAL_0084,driver_online,27,2,43,5,2,1350000,600000,1325000,1100000,1350000,4,survey,1
REAL_0085,kurir,36,2,70,3,7,1500000,1575000,1425000,575000,1500000,2,survey,4
REAL_0086,pekerja_harian,48,1,24,6,10,350000,800000,950000,875000,350000,0,survey,5
REAL_0087,pekerja_harian,40,0,56,4,9,800000,425000,400000,850000,800000,4,survey,5
REAL_0088,seller_online,25,0,9,2,7,575000,625000,325000,450000,575000,1,survey,6
REAL_0089,freelance_it,37,1,41,3,8,2325000,1375000,1275000,2325000,2325000,2,survey,3
REAL_0090,freelance_creative,45,2,64,2,5,925000,775000,1200000,1125000,925000,3,survey,2
REAL_0091,content_creator,27,1,14,1,2,750000,1475000,1225000,1400000,750000,1,survey,0
REAL_0092,kurir,24,1,27,5,8,925000,875000,1175000,750000,925000,2,survey,4
REAL_0093,tutor,46,0,56,4,1,975000,950000,425000,675000,975000,2,survey,7
REAL_0094,content_creator,41,1,23,7,5,1675000,750000,825000,800000,1675000,2,survey,0
REAL_0095,seller_online,52,0,41,7,8,375000,675000,350000,475000,375000,3,survey,6
REAL_0096,freelance_it,27,2,15,3,9,2500000,2100000,2600000,2590010,2505290,3,survey,3
REAL_0097,freelance_creative,30,2,18,7,4,1750000,1375000,1325000,1425000,1750000,1,survey,2
REAL_0098,freelance_creative,26,1,19,5,5,1275000,725000,2025000,1975000,1275000,3,survey,2
REAL_0099,freelance_creative,48,1,71,5,3,2125000,2325000,2075000,725000,2125000,3,survey,2
REAL_0100,seller_online,36,1,11,3,3,450000,400000,650000,350000,450000,0,survey,6
REAL_0101,pekerja_harian,17,2,17,4,2,525000,800000,325000,475000,525000,2,survey,5
REAL_0102,seller_online,43,0,50,3,7,900000,475000,775000,475000,900000,4,survey,6
REAL_0103,kurir,32,1,41,2,7,1325000,1025000,1475000,1600000,1325000,0,survey,4
REAL_0104,tutor,44,2,20,3,2,575000,1750000,1825000,675000,575000,2,survey,7
REAL_0105,freelance_it,28,2,2,2,8,1725000,2175000,2600000,1500000,1725000,2,survey,3
REAL_0106,kurir,48,2,22,3,3,1200000,1350000,1100000,500000,1200000,4,survey,4
REAL_0107,tutor,31,1,35,7,2,675000,1475000,575000,825000,675000,4,survey,7
REAL_0108,content_creator,29,1,48,5,8,1875000,1800000,1475000,1900000,1875000,1,survey,0
REAL_0109,freelance_it,23,1,8,2,5,550000,825000,1725000,1100000,550000,2,survey,3
REAL_0110,freelance_creative,35,1,35,2,2,725000,1700000,675000,675000,725000,3,survey,2
REAL_0111,driver_online,30,1,51,5,1,550000,1250000,350000,700000,550000,3,survey,1
REAL_0112,content_creator,22,0,26,6,8,800000,2125000,1975000,1125000,800000,0,survey,0
REAL_0113,freelance_it,34,2,38,4,7,2175000,975000,1500000,1150000,2175000,1,survey,3
REAL_0114,driver_online,37,0,61,5,6,1500000,1450000,475000,1100000,1500000,2,survey,1
REAL_0115,driver_online,39,2,40,2,8,325000,450000,425000,675000,325000,0,survey,1
REAL_0116,seller_online,24,2,13,3,5,375000,400000,1025000,900000,375000,3,survey,6
REAL_0117,freelance_it,25,0,41,7,10,1575000,700000,1350000,1075000,1575000,0,survey,3
REAL_0118,content_creator,33,1,54,2,7,1825000,1025000,1075000,1750000,1825000,4,survey,0
REAL_0119,kurir,38,0,44,5,10,1275000,950000,1225000,1150000,1275000,3,survey,4
REAL_0120,kurir,20,0,47,1,7,625000,975000,925000,525000,625000,0,survey,4
REAL_0121,freelance_it,22,1,48,2,8,850000,1125000,775000,850000,850000,0,survey,3
REAL_0122,tutor,51,1,11,4,1,1475000,1400000,1475000,2150000,1475000,1,survey,7
REAL_0123,freelance_creative,26,0,12,4,9,1575000,2100000,1525000,2225000,1575000,0,survey,2
REAL_0124,pekerja_harian,19,2,52,1,7,825000,300000,650000,475000,825000,2,survey,5
REAL_0125,content_creator,34,1,28,7,7,1375000,1425000,1175000,650000,1375000,1,survey,0
REAL_0126,freelance_creative,19,2,26,3,6,1550000,1800000,850000,675000,1550000,2,survey,2
REAL_0127,freelance_creative,31,2,3,7,1,2325000,1825000,1750000,650000,2325000,2,survey,2
REAL_0128,driver_online,49,2,14,4,2,1275000,925000,1150000,575000,1275000,2,survey,1
REAL_0129,pekerja_harian,35,2,25,3,4,900000,750000,1200000,650000,900000,2,survey,5
REAL_0130,kurir,31,1,43,3,5,825000,1550000,1050000,1550000,825000,4,survey,4
REAL_0131,seller_online,29,1,19,3,3,450000,725000,1450000,700000,450000,0,survey,6
REAL_0132,tutor,42,2,26,6,6,1250000,1100000,875000,350000,1250000,0,survey,7
REAL_0133,freelance_it,35,2,18,3,8,1950000,900000,2225000,2075000,1950000,0,survey,3
REAL_0134,driver_online,41,0,14,6,1,800000,575000,550000,675000,800000,3,survey,1
REAL_0135,kurir,49,1,26,5,4,850000,1225000,750000,1475000,850000,2,survey,4
REAL_0136,kurir,48,2,13,3,4,1600000,775000,975000,525000,1600000,1,survey,4
REAL_0137,seller_online,38,1,44,2,2,625000,675000,1000000,875000,625000,3,survey,6
REAL_0138,content_creator,18,0,53,4,1,750000,800000,1275000,1250000,750000,4,survey,0
REAL_0139,driver_online,17,0,10,7,8,550000,1250000,375000,525000,550000,3,survey,1
REAL_0140,driver_online,23,0,39,5,9,875000,700000,600000,1025000,875000,1,survey,1
REAL_0141,freelance_it,52,0,22,4,3,2500000,2325000,1050000,2250000,2500000,1,survey,3
REAL_0142,kurir,45,1,1,5,1,1625000,1500000,1050000,1075000,1625000,1,survey,4
REAL_0143,freelance_it,45,2,71,7,6,2400000,2000000,1225000,1225000,2400000,2,survey,3
REAL_0144,tutor,51,0,49,2,1,575000,1175000,525000,675000,575000,2,survey,7
REAL_0145,freelance_creative,52,1,7,4,7,2325000,2325000,1150000,1600000,2325000,0,survey,2
REAL_0146,kurir,28,0,55,3,9,500000,1000000,650000,725000,500000,1,survey,4
REAL_0147,seller_online,50,2,69,4,2,450000,450000,550000,575000,450000,1,survey,6
REAL_0148,driver_online,50,0,38,6,4,800000,1225000,475000,1225000,800000,4,survey,1
REAL_0149,tutor,21,1,5,1,2,550000,625000,425000,1225000,550000,2,survey,7
REAL_0150,kurir,19,0,38,7,5,550000,1450000,1000000,950000,550000,0,survey,4
REAL_0151,seller_online,24,1,69,5,2,425000,850000,850000,425000,425000,4,survey,6
REAL_0152,driver_online,52,2,9,3,2,925000,725000,575000,400000,925000,1,survey,1
REAL_0153,seller_online,40,0,29,6,7,900000,350000,825000,950000,900000,3,survey,6
REAL_0154,freelance_creative,33,2,52,7,10,1900000,1375000,1350000,2050000,1900000,3,survey,2
REAL_0155,driver_online,32,0,23,5,10,900000,700000,575000,475000,900000,3,survey,1
REAL_0156,driver_online,37,1,70,5,3,975000,700000,975000,1150000,975000,4,survey,1
REAL_0157,pekerja_harian,27,0,20,2,3,775000,950000,825000,625000,775000,2,survey,5
REAL_0158,seller_online,27,0,22,3,3,1200000,875000,825000,325000,1200000,2,survey,6
REAL_0159,seller_online,49,1,59,5,10,350000,450000,275000,350000,350000,4,survey,6
REAL_0160,driver_online,44,2,68,4,4,1175000,750000,975000,1125000,1175000,4,survey,1
REAL_0161,tutor,33,0,67,1,9,725000,550000,1150000,750000,725000,0,survey,7
REAL_0162,freelance_creative,43,1,72,5,8,2100000,1450000,1775000,1175000,2100000,1,survey,2
REAL_0163,kurir,26,1,29,3,2,475000,950000,1725000,1250000,475000,4,survey,4
REAL_0164,freelance_creative,27,0,21,1,5,1225000,1300000,1625000,1525000,1225000,0,survey,2
REAL_0165,tutor,17,0,72,1,9,925000,625000,1150000,800000,925000,4,survey,7
REAL_0166,tutor,31,2,69,1,5,825000,950000,1425000,900000,825000,4,survey,7
REAL_0167,freelance_it,30,2,46,2,2,1875000,1525000,1500000,1425000,1875000,4,survey,3
REAL_0168,seller_online,20,2,45,4,3,1175000,925000,700000,900000,1175000,0,survey,6
REAL_0169,content_creator,28,2,48,3,7,1075000,1250000,1800000,1400000,1075000,0,survey,0
REAL_0170,content_creator,48,1,13,6,3,675000,725000,1450000,525000,675000,2,survey,0
REAL_0171,freelance_creative,51,2,66,4,8,975000,850000,1325000,650000,975000,1,survey,2
REAL_0172,freelance_it,42,1,22,2,1,1600000,1500000,1925000,1550000,1600000,0,survey,3
REAL_0173,kurir,23,1,30,2,5,1150000,550000,1425000,425000,1150000,2,survey,4
REAL_0174,tutor,50,1,70,2,2,1000000,1150000,750000,525000,1000000,4,survey,7
REAL_0175,freelance_creative,17,2,56,4,4,1550000,1450000,1725000,825000,1550000,0,survey,2
REAL_0176,pekerja_harian,45,1,3,2,1,325000,1225000,575000,425000,325000,3,survey,5
REAL_0177,content_creator,46,0,35,7,7,1100000,650000,1525000,725000,1100000,3,survey,0
REAL_0178,freelance_creative,47,0,6,6,9,875000,1575000,1225000,1350000,875000,0,survey,2
REAL_0179,driver_online,19,0,32,2,8,825000,550000,1050000,875000,825000,0,survey,1
REAL_0180,content_creator,45,1,18,3,1,1575000,1350000,1325000,1250000,1575000,4,survey,0
REAL_0181,content_creator,46,0,47,7,10,875000,525000,1750000,1550000,875000,1,survey,0
REAL_0182,freelance_creative,23,2,50,6,8,1850000,1800000,750000,1075000,1850000,0,survey,2
REAL_0183,driver_online,34,1,10,2,9,350000,450000,575000,425000,350000,1,survey,1
REAL_0184,tutor,49,1,41,5,6,1100000,1425000,1700000,975000,1100000,1,survey,7
REAL_0185,seller_online,36,0,41,1,5,1050000,1050000,1475000,575000,1050000,0,survey,6
REAL_0186,freelance_creative,21,2,13,5,5,1400000,1200000,550000,525000,1400000,2,survey,2
REAL_0187,seller_online,37,2,51,4,10,800000,525000,600000,700000,800000,1,survey,6
REAL_0188,pekerja_harian,52,2,68,2,4,375000,500000,650000,575000,375000,0,survey,5
REAL_0189,pekerja_harian,26,0,48,2,2,725000,375000,650000,325000,725000,2,survey,5
REAL_0190,freelance_creative,30,2,19,6,1,1600000,1750000,650000,875000,1600000,2,survey,2
REAL_0191,freelance_creative,41,2,69,1,3,1275000,1200000,1925000,550000,1275000,1,survey,2
REAL_0192,freelance_it,20,0,20,3,7,1025000,2325000,1850000,2200000,1025000,1,survey,3
REAL_0193,freelance_creative,25,1,19,6,10,950000,1325000,1900000,675000,950000,2,survey,2
REAL_0194,kurir,25,2,35,5,10,750000,750000,1350000,900000,750000,3,survey,4
REAL_0195,tutor,17,0,23,4,10,1650000,1950000,1975000,1225000,1650000,0,survey,7
REAL_0196,tutor,19,0,25,3,8,1825000,1675000,925000,750000,1825000,2,survey,7
REAL_0197,seller_online,42,0,59,5,4,900000,675000,1175000,1425000,900000,1,survey,6
REAL_0198,seller_online,41,1,20,2,3,775000,275000,450000,750000,775000,3,survey,6
REAL_0199,driver_online,48,1,53,4,2,425000,675000,725000,675000,425000,1,survey,1
REAL_0200,freelance_it,38,0,21,6,5,2100000,2200000,1925000,1900000,2100000,3,survey,3
REAL_0201,kurir,34,2,27,5,1,900000,1300000,850000,425000,900000,4,survey,4
REAL_0202,freelance_creative,35,1,16,6,4,1350000,1200000,1600000,1750000,1350000,0,survey,2
REAL_0203,content_creator,42,1,62,4,1,750000,775000,1275000,1925000,750000,2,survey,0
REAL_0204,freelance_it,18,0,15,7,5,2500000,2325000,1350000,950000,2505290,1,survey,3
REAL_0205,freelance_creative,22,0,44,4,9,1850000,800000,2000000,1925000,1850000,4,survey,2
REAL_0206,kurir,38,2,40,6,4,600000,700000,975000,1250000,600000,0,survey,4
REAL_0207,freelance_it,26,1,44,5,8,650000,1125000,1425000,625000,650000,0,survey,3
REAL_0208,kurir,46,0,59,3,8,700000,675000,1475000,1175000,700000,2,survey,4
REAL_0209,seller_online,35,1,14,3,9,400000,650000,800000,925000,400000,1,survey,6
REAL_0210,freelance_creative,28,0,60,3,9,1625000,700000,1800000,575000,1625000,0,survey,2
REAL_0211,freelance_it,41,1,39,4,6,1350000,1375000,1225000,1725000,1350000,2,survey,3
REAL_0212,content_creator,41,2,23,4,3,1175000,1550000,925000,1000000,1175000,2,survey,0
REAL_0213,pekerja_harian,44,2,58,4,6,375000,700000,675000,875000,375000,1,survey,5
REAL_0214,kurir,26,0,67,5,2,875000,1175000,1400000,450000,875000,4,survey,4
REAL_0215,freelance_it,27,0,61,5,3,800000,2325000,2375000,1975000,800000,2,survey,3
REAL_0216,seller_online,26,1,31,4,3,950000,400000,1450000,1425000,950000,4,survey,6
REAL_0217,content_creator,20,0,60,4,8,1125000,1775000,1750000,800000,1125000,3,survey,0
REAL_0218,driver_online,23,2,35,3,5,1050000,550000,850000,725000,1050000,1,survey,1
REAL_0219,pekerja_harian,39,0,4,5,2,800000,625000,750000,825000,800000,0,survey,5
REAL_0220,kurir,46,0,10,3,1,850000,1550000,700000,1350000,850000,1,survey,4
REAL_0221,pekerja_harian,33,2,33,7,8,750000,300000,600000,775000,750000,3,survey,5
REAL_0222,pekerja_harian,24,1,8,6,2,725000,1075000,350000,650000,725000,2,survey,5
REAL_0223,content_creator,48,0,5,2,1,2200000,950000,1200000,1850000,2200000,2,survey,0
REAL_0224,pekerja_harian,51,0,19,4,1,1100000,850000,525000,875000,1100000,0,survey,5
REAL_0225,kurir,24,0,26,4,6,1675000,1550000,1050000,650000,1675000,4,survey,4
REAL_0226,tutor,27,2,6,2,2,1650000,525000,1200000,500000,1650000,1,survey,7
REAL_0227,tutor,32,2,64,5,2,950000,475000,775000,625000,950000,4,survey,7
REAL_0228,pekerja_harian,48,0,47,3,4,500000,825000,1075000,675000,500000,0,survey,5
REAL_0229,content_creator,43,0,42,2,2,1450000,1625000,950000,750000,1450000,3,survey,0
REAL_0230,freelance_it,29,1,18,1,8,1450000,2100000,1075000,1200000,1450000,1,survey,3
REAL_0231,freelance_creative,32,2,20,5,1,2375000,675000,1450000,1975000,2375000,0,survey,2
REAL_0232,kurir,18,2,4,4,8,675000,1475000,725000,1700000,675000,3,survey,4
REAL_0233,freelance_creative,22,0,15,4,6,1775000,1300000,950000,1650000,1775000,0,survey,2
REAL_0234,tutor,34,1,63,5,9,925000,1000000,1350000,1425000,925000,3,survey,7
REAL_0235,kurir,26,2,3,3,7,1200000,625000,925000,1050000,1200000,0,survey,4
REAL_0236,content_creator,48,1,17,7,5,1475000,725000,925000,825000,1475000,0,survey,0
REAL_0237,seller_online,32,2,17,4,5,425000,750000,300000,550000,425000,2,survey,6
REAL_0238,seller_online,17,1,19,7,10,1325000,825000,1075000,1125000,1325000,0,survey,6
REAL_0239,freelance_creative,50,0,11,5,8,1825000,1000000,1150000,1300000,1825000,4,survey,2
REAL_0240,pekerja_harian,52,2,54,7,8,400000,825000,950000,825000,400000,3,survey,5
REAL_0241,tutor,28,0,26,2,7,1200000,525000,1575000,1600000,1200000,2,survey,7
REAL_0242,freelance_it,43,0,16,7,5,2500000,800000,2125000,1800000,2505290,4,survey,3
REAL_0243,seller_online,37,0,35,3,7,1250000,700000,625000,875000,1250000,0,survey,6
REAL_0244,content_creator,23,0,67,3,6,1375000,1150000,2100000,725000,1375000,1,survey,0
REAL_0245,pekerja_harian,39,2,67,7,6,750000,250000,825000,400000,750000,1,survey,5
REAL_0246,tutor,19,2,8,4,2,500000,850000,450000,575000,500000,0,survey,7
REAL_0247,freelance_creative,49,0,68,2,4,825000,1775000,550000,1725000,825000,1,survey,2
REAL_0248,content_creator,24,1,47,6,5,1625000,650000,1275000,1125000,1625000,3,survey,0
REAL_0249,pekerja_harian,23,0,19,4,7,1275000,1050000,1200000,500000,1275000,2,survey,5
REAL_0250,content_creator,47,1,14,1,5,1250000,1450000,700000,650000,1250000,0,survey,0
REAL_0251,kurir,50,2,64,4,9,950000,1250000,950000,375000,950000,0,survey,4
REAL_0252,freelance_it,27,2,50,4,2,2075000,2050000,2100000,1875000,2075000,3,survey,3
REAL_0253,seller_online,40,2,44,4,2,600000,600000,600000,875000,600000,1,survey,6
REAL_0254,driver_online,46,0,61,5,1,675000,675000,850000,1075000,675000,0,survey,1
REAL_0255,kurir,51,1,52,7,4,1425000,575000,1550000,575000,1425000,2,survey,4
REAL_0256,freelance_it,44,1,33,5,9,1925000,1700000,2325000,1850000,1925000,4,survey,3
REAL_0257,seller_online,32,1,41,7,2,525000,750000,1150000,975000,525000,2,survey,6
REAL_0258,tutor,44,0,4,3,5,1200000,450000,1300000,1375000,1200000,0,survey,7
REAL_0259,kurir,50,0,16,7,6,1325000,1225000,1300000,1225000,1325000,3,survey,4
REAL_0260,content_creator,24,1,19,3,8,1150000,1050000,1625000,2050000,1150000,0,survey,0
REAL_0261,pekerja_harian,41,0,31,3,4,875000,675000,850000,775000,875000,3,survey,5
REAL_0262,freelance_it,49,1,4,7,1,2100000,2075000,2425000,1025000,2100000,3,survey,3
REAL_0263,seller_online,33,0,11,4,6,525000,500000,825000,650000,525000,0,survey,6
REAL_0264,freelance_it,26,0,68,4,8,2400000,1075000,2500000,1250000,2400000,2,survey,3
REAL_0265,driver_online,35,0,48,5,8,275000,375000,525000,825000,275000,1,survey,1
REAL_0266,pekerja_harian,39,1,51,6,6,900000,600000,625000,400000,900000,4,survey,5
REAL_0267,pekerja_harian,34,2,41,4,3,850000,650000,1025000,700000,850000,3,survey,5
REAL_0268,tutor,24,2,72,4,8,725000,1700000,775000,1100000,725000,1,survey,7
REAL_0269,seller_online,43,2,13,3,1,800000,800000,575000,725000,800000,0,survey,6
REAL_0270,pekerja_harian,37,2,37,3,1,575000,600000,275000,375000,575000,1,survey,5
REAL_0271,freelance_it,25,1,58,4,8,1525000,1275000,1850000,1925000,1525000,4,survey,3
REAL_0272,seller_online,48,1,60,4,2,1325000,750000,1550000,1200000,1325000,2,survey,6
REAL_0273,freelance_it,39,2,60,2,3,1750000,1000000,2600000,1525000,1750000,4,survey,3
REAL_0274,tutor,51,0,22,6,8,1625000,1900000,2050000,1475000,1625000,3,survey,7
REAL_0275,freelance_creative,18,2,31,4,9,625000,1675000,725000,1150000,625000,0,survey,2
REAL_0276,driver_online,38,1,64,6,10,1200000,1500000,425000,825000,1200000,4,survey,1
REAL_0277,tutor,47,1,58,6,7,500000,1100000,825000,800000,500000,4,survey,7
REAL_0278,seller_online,30,0,23,2,3,800000,1100000,1250000,800000,800000,1,survey,6
REAL_0279,content_creator,44,1,34,3,6,650000,2050000,1000000,825000,650000,4,survey,0
REAL_0280,freelance_creative,40,2,64,6,2,1450000,975000,700000,1725000,1450000,3,survey,2
REAL_0281,freelance_creative,26,0,55,4,7,2375000,1575000,1875000,2375000,2375000,3,survey,2
REAL_0282,seller_online,20,2,41,3,1,675000,975000,1400000,1150000,675000,3,survey,6
REAL_0283,freelance_it,30,2,21,1,1,2500000,2275000,1425000,2590010,2505290,3,survey,3
REAL_0284,driver_online,46,1,18,6,7,1150000,475000,925000,575000,1150000,2,survey,1
REAL_0285,tutor,52,2,55,4,8,1775000,725000,700000,1600000,1775000,1,survey,7
REAL_0286,freelance_it,19,1,48,3,5,700000,925000,2200000,1475000,700000,2,survey,3
REAL_0287,freelance_it,45,0,65,6,8,1800000,1800000,2600000,1525000,1800000,4,survey,3
REAL_0288,freelance_it,52,2,70,5,1,1775000,2250000,1725000,725000,1775000,4,survey,3
REAL_0289,pekerja_harian,18,0,68,3,7,325000,1000000,675000,475000,325000,1,survey,5
REAL_0290,content_creator,26,0,7,2,4,1550000,950000,1400000,1400000,1550000,0,survey,0
REAL_0291,freelance_creative,52,1,11,7,9,1700000,725000,1350000,775000,1700000,1,survey,2
REAL_0292,tutor,39,0,21,6,9,700000,800000,500000,525000,700000,4,survey,7
REAL_0293,content_creator,30,2,18,6,1,1275000,1950000,1600000,1175000,1275000,3,survey,0
REAL_0294,kurir,46,2,3,7,5,1700000,950000,575000,1275000,1700000,2,survey,4
REAL_0295,kurir,34,0,23,1,10,1100000,475000,1275000,1200000,1100000,4,survey,4
REAL_0296,driver_online,37,0,67,4,8,825000,375000,1025000,375000,825000,3,survey,1
REAL_0297,kurir,23,2,43,7,5,475000,625000,725000,425000,475000,2,survey,4
REAL_0298,seller_online,20,2,56,1,2,400000,400000,1225000,750000,400000,4,survey,6
REAL_0299,pekerja_harian,50,0,9,5,4,450000,800000,650000,775000,450000,4,survey,5
REAL_0300,seller_online,26,1,48,1,9,950000,475000,550000,1125000,950000,4,survey,6
REAL_0301,pekerja_harian,38,0,14,4,1,500000,300000,500000,525000,500000,4,survey,5
REAL_0302,driver_online,52,0,47,1,1,475000,450000,1075000,925000,475000,2,survey,1
REAL_0303,content_creator,30,1,22,5,10,1350000,1825000,800000,2125000,1350000,1,survey,0
REAL_0304,freelance_creative,51,0,36,7,3,2500000,2325000,1050000,800000,2500000,3,survey,2
REAL_0305,pekerja_harian,48,2,5,2,4,575000,425000,400000,550000,575000,3,survey,5
REAL_0306,pekerja_harian,49,1,53,3,8,475000,275000,625000,475000,475000,0,survey,5
REAL_0307,freelance_creative,38,2,36,2,10,1925000,1575000,1550000,1800000,1925000,0,survey,2
REAL_0308,pekerja_harian,31,1,44,7,2,950000,600000,1025000,600000,950000,3,survey,5
REAL_0309,tutor,51,2,5,2,3,1275000,1600000,1775000,1275000,1275000,3,survey,7
REAL_0310,kurir,27,2,63,1,3,425000,1375000,650000,600000,425000,4,survey,4
REAL_0311,tutor,42,2,9,4,4,1400000,750000,1350000,1175000,1400000,1,survey,7
REAL_0312,freelance_creative,50,2,6,6,2,1600000,2050000,1125000,1925000,1600000,2,survey,2
REAL_0313,freelance_it,51,1,53,7,9,2000000,625000,650000,1650000,2000000,2,survey,3
REAL_0314,freelance_creative,42,2,18,3,8,1500000,775000,1875000,1975000,1500000,3,survey,2
REAL_0315,tutor,27,0,57,3,3,1325000,1575000,1100000,1000000,1325000,0,survey,7
REAL_0316,freelance_creative,40,1,4,1,6,1525000,600000,1950000,650000,1525000,1,survey,2
REAL_0317,kurir,31,0,2,4,6,675000,750000,375000,1075000,675000,4,survey,4
REAL_0318,content_creator,41,2,62,1,6,1150000,1100000,875000,1175000,1150000,1,survey,0
REAL_0319,kurir,20,0,20,4,4,500000,1675000,1250000,1700000,500000,2,survey,4
REAL_0320,driver_online,32,1,24,4,1,950000,325000,425000,775000,950000,1,survey,1
REAL_0321,freelance_it,27,2,32,3,5,1625000,2000000,1250000,2325000,1625000,0,survey,3
REAL_0322,tutor,22,1,49,4,5,975000,1400000,1275000,1050000,975000,3,survey,7
REAL_0323,tutor,40,2,10,4,1,825000,1050000,600000,900000,825000,2,survey,7
REAL_0324,content_creator,18,2,19,3,4,1450000,1575000,775000,700000,1450000,0,survey,0
REAL_0325,tutor,36,0,45,7,3,1450000,1700000,975000,850000,1450000,1,survey,7
REAL_0326,freelance_creative,48,2,28,2,4,1450000,1550000,700000,1775000,1450000,3,survey,2
REAL_0327,freelance_creative,47,0,35,7,1,575000,1125000,450000,1250000,575000,2,survey,2
REAL_0328,content_creator,38,2,18,1,10,1525000,775000,1325000,1475000,1525000,2,survey,0
REAL_0329,tutor,22,2,13,6,7,1300000,1425000,1650000,1650000,1300000,4,survey,7
REAL_0330,freelance_creative,32,2,12,1,7,650000,1650000,1625000,1450000,650000,1,survey,2
REAL_0331,tutor,41,1,15,3,2,475000,1225000,1450000,1225000,475000,0,survey,7
REAL_0332,seller_online,50,2,59,3,3,1425000,1300000,925000,875000,1425000,4,survey,6
REAL_0333,pekerja_harian,35,0,27,7,4,800000,700000,750000,675000,800000,2,survey,5
REAL_0334,freelance_it,35,0,42,7,10,2500000,2325000,2550000,1925000,2505290,1,survey,3
REAL_0335,driver_online,40,1,22,1,2,1275000,500000,375000,1275000,1275000,2,survey,1
REAL_0336,tutor,22,2,57,3,1,525000,525000,1125000,1425000,525000,1,survey,7
REAL_0337,kurir,37,1,3,4,9,1250000,1650000,1175000,1225000,1250000,4,survey,4
REAL_0338,freelance_creative,27,0,65,3,6,1125000,1900000,500000,950000,1125000,4,survey,2
REAL_0339,freelance_creative,19,0,71,2,10,1050000,1825000,1300000,1525000,1050000,2,survey,2
REAL_0340,freelance_creative,40,1,56,4,1,650000,725000,700000,1400000,650000,0,survey,2
REAL_0341,freelance_creative,41,2,40,5,8,1200000,1450000,1675000,1225000,1200000,4,survey,2
REAL_0342,tutor,47,2,20,6,3,850000,1275000,450000,1250000,850000,2,survey,7
REAL_0343,freelance_creative,36,2,11,1,4,700000,550000,1500000,1225000,700000,3,survey,2
REAL_0344,driver_online,44,2,68,6,10,725000,1000000,775000,950000,725000,4,survey,1
REAL_0345,content_creator,32,1,62,3,5,450000,1275000,975000,1675000,450000,4,survey,0
REAL_0346,seller_online,42,1,26,1,9,1150000,675000,1150000,325000,1150000,2,survey,6
REAL_0347,pekerja_harian,27,0,46,7,4,350000,250000,475000,725000,350000,0,survey,5
REAL_0348,tutor,25,1,65,1,4,1075000,725000,1400000,1150000,1075000,3,survey,7
REAL_0349,freelance_it,32,2,65,5,3,2100000,1475000,1525000,900000,2100000,1,survey,3
REAL_0350,freelance_creative,31,2,55,6,1,725000,1150000,2125000,1725000,725000,1,survey,2
REAL_0351,tutor,28,0,13,6,1,775000,1250000,800000,1300000,775000,4,survey,7
REAL_0352,kurir,19,0,10,5,10,725000,925000,1250000,1000000,725000,1,survey,4
REAL_0353,tutor,21,0,22,5,5,725000,1500000,450000,1525000,725000,1,survey,7
REAL_0354,freelance_creative,28,2,2,7,9,1550000,1950000,1100000,2200000,1550000,2,survey,2
REAL_0355,freelance_it,20,0,45,6,10,1200000,2325000,2200000,1075000,1200000,1,survey,3
REAL_0356,kurir,41,0,42,3,4,1250000,1550000,950000,1000000,1250000,3,survey,4
REAL_0357,seller_online,35,1,25,1,3,500000,500000,625000,475000,500000,4,survey,6
REAL_0358,driver_online,25,2,2,7,1,725000,950000,975000,350000,725000,1,survey,1
REAL_0359,kurir,18,0,66,7,7,350000,575000,575000,725000,350000,2,survey,4
REAL_0360,kurir,40,1,68,3,10,1050000,500000,1050000,675000,1050000,2,survey,4
REAL_0361,tutor,45,2,36,2,2,1875000,725000,1000000,925000,1875000,3,survey,7
REAL_0362,freelance_creative,41,2,12,2,6,675000,1525000,900000,1025000,675000,1,survey,2
REAL_0363,driver_online,25,2,55,3,1,825000,325000,950000,975000,825000,0,survey,1
REAL_0364,pekerja_harian,25,1,44,4,1,350000,300000,750000,725000,350000,1,survey,5
REAL_0365,tutor,25,0,51,2,9,1275000,875000,700000,1075000,1275000,3,survey,7
REAL_0366,driver_online,32,0,28,5,1,500000,500000,1200000,550000,500000,0,survey,1
REAL_0367,freelance_it,42,2,46,2,2,1300000,1900000,775000,2025000,1300000,1,survey,3
REAL_0368,freelance_creative,30,1,17,3,5,1650000,2200000,650000,1800000,1650000,3,survey,2
REAL_0369,freelance_it,52,1,22,3,3,875000,1000000,600000,725000,875000,3,survey,3
REAL_0370,pekerja_harian,40,0,53,5,8,925000,1025000,300000,1000000,925000,0,survey,5
REAL_0371,freelance_creative,41,1,69,7,8,600000,1500000,1775000,1775000,600000,3,survey,2
REAL_0372,seller_online,47,2,49,1,6,825000,875000,425000,1325000,825000,3,survey,6
REAL_0373,pekerja_harian,43,0,7,1,7,1050000,525000,425000,1050000,1050000,3,survey,5
REAL_0374,seller_online,37,0,64,7,6,750000,675000,400000,700000,750000,3,survey,6
REAL_0375,freelance_creative,39,1,3,3,5,2200000,875000,1575000,2550000,2200000,3,survey,2
REAL_0376,tutor,41,2,37,6,10,1500000,1275000,500000,1100000,1500000,4,survey,7
REAL_0377,freelance_creative,31,1,16,3,8,2225000,1750000,2000000,1300000,2225000,2,survey,2
REAL_0378,content_creator,50,0,72,4,4,1550000,1850000,1800000,1450000,1550000,1,survey,0
REAL_0379,tutor,33,0,12,1,1,525000,1725000,750000,1475000,525000,4,survey,7
REAL_0380,freelance_creative,36,1,7,3,2,1400000,1425000,1325000,625000,1400000,3,survey,2
REAL_0381,content_creator,30,1,10,4,2,1350000,950000,850000,1650000,1350000,1,survey,0
REAL_0382,driver_online,27,2,4,5,1,900000,525000,1300000,475000,900000,1,survey,1
REAL_0383,kurir,39,1,66,4,4,550000,1100000,1325000,675000,550000,3,survey,4
REAL_0384,content_creator,23,1,9,4,3,650000,1475000,1625000,1100000,650000,4,survey,0
REAL_0385,content_creator,26,2,2,6,6,1075000,1500000,1650000,1200000,1075000,3,survey,0
REAL_0386,content_creator,37,1,6,3,7,575000,650000,850000,925000,575000,4,survey,0
REAL_0387,driver_online,38,1,39,3,6,700000,850000,625000,925000,700000,3,survey,1
REAL_0388,seller_online,23,0,12,2,6,1375000,1475000,1400000,1350000,1375000,2,survey,6
REAL_0389,seller_online,46,2,53,6,8,475000,875000,925000,1025000,475000,2,survey,6
REAL_0390,driver_online,30,0,63,1,6,1000000,975000,750000,575000,1000000,2,survey,1
REAL_0391,freelance_creative,21,1,14,2,8,1525000,800000,1725000,725000,1525000,0,survey,2
REAL_0392,driver_online,45,2,49,6,7,550000,650000,800000,750000,550000,3,survey,1
REAL_0393,kurir,34,0,29,6,5,675000,1400000,850000,775000,675000,4,survey,4
REAL_0394,content_creator,46,1,3,2,5,725000,1775000,2075000,1625000,725000,3,survey,0
REAL_0395,freelance_it,31,0,39,7,6,1575000,1325000,1675000,1925000,1575000,2,survey,3
REAL_0396,freelance_creative,26,2,56,3,4,725000,1775000,1350000,1800000,725000,4,survey,2
REAL_0397,content_creator,24,0,2,4,3,1525000,1275000,925000,1325000,1525000,1,survey,0
REAL_0398,freelance_it,17,0,33,2,6,1525000,2325000,2450000,2590010,1525000,1,survey,3
REAL_0399,content_creator,32,1,39,5,5,1175000,1325000,850000,1200000,1175000,1,survey,0
REAL_0400,pekerja_harian,51,0,18,5,8,675000,800000,550000,550000,675000,3,survey,5
REAL_0401,content_creator,25,1,17,4,1,1700000,1800000,1175000,575000,1700000,0,survey,0
REAL_0402,driver_online,30,0,29,6,3,900000,1000000,1200000,1075000,900000,4,survey,1
REAL_0403,pekerja_harian,18,0,39,4,8,825000,850000,625000,825000,825000,3,survey,5
REAL_0404,freelance_creative,47,0,64,3,5,1275000,2000000,1400000,2025000,1275000,1,survey,2
REAL_0405,content_creator,25,0,21,3,9,2075000,950000,2150000,1500000,2075000,4,survey,0
REAL_0406,freelance_it,42,1,24,5,9,2300000,1375000,2400000,2150000,2300000,4,survey,3
REAL_0407,pekerja_harian,37,2,50,7,7,250000,375000,225000,700000,250000,3,survey,5
REAL_0408,freelance_creative,33,0,26,6,3,2100000,2075000,950000,1675000,2100000,0,survey,2
REAL_0409,pekerja_harian,29,1,46,5,9,775000,525000,650000,825000,775000,4,survey,5
REAL_0410,driver_online,31,0,21,3,2,975000,1300000,1375000,900000,975000,3,survey,1
REAL_0411,driver_online,25,0,31,4,2,1375000,1150000,1225000,400000,1375000,0,survey,1
REAL_0412,freelance_it,31,2,49,6,1,1675000,1475000,1450000,950000,1675000,3,survey,3
REAL_0413,freelance_creative,31,2,69,5,1,1550000,750000,500000,500000,1550000,3,survey,2
REAL_0414,kurir,21,0,64,6,6,825000,675000,750000,950000,825000,1,survey,4
REAL_0415,freelance_creative,36,2,19,1,4,1800000,1450000,825000,1525000,1800000,0,survey,2
REAL_0416,freelance_creative,30,2,7,6,5,1150000,900000,475000,1250000,1150000,2,survey,2
REAL_0417,freelance_it,51,0,49,4,4,1875000,925000,1550000,925000,1875000,1,survey,3
REAL_0418,driver_online,24,0,57,4,1,350000,375000,700000,1000000,350000,4,survey,1
REAL_0419,freelance_it,48,0,7,2,2,800000,2200000,2600000,1975000,800000,0,survey,3
REAL_0420,pekerja_harian,24,1,48,7,7,625000,775000,300000,425000,625000,2,survey,5
REAL_0421,driver_online,23,1,5,6,3,1075000,975000,1275000,1275000,1075000,1,survey,1
REAL_0422,content_creator,32,2,15,6,4,1575000,1800000,1025000,1025000,1575000,4,survey,0
REAL_0423,freelance_creative,43,1,16,1,7,1525000,875000,1500000,2200000,1525000,1,survey,2
REAL_0424,tutor,18,1,17,4,9,1375000,600000,1600000,1600000,1375000,4,survey,7
REAL_0425,seller_online,28,2,48,6,8,550000,425000,875000,525000,550000,0,survey,6
REAL_0426,driver_online,30,1,37,2,2,575000,725000,1125000,575000,575000,2,survey,1
REAL_0427,freelance_creative,17,0,37,5,7,1575000,2125000,1150000,825000,1575000,0,survey,2
REAL_0428,content_creator,34,0,56,1,9,725000,1250000,1650000,1350000,725000,0,survey,0
REAL_0429,freelance_it,25,0,56,1,8,1950000,2150000,775000,2100000,1950000,4,survey,3
REAL_0430,tutor,39,0,15,7,5,2000000,1000000,1525000,675000,2000000,3,survey,7
REAL_0431,tutor,20,1,51,7,8,1125000,1925000,925000,1625000,1125000,2,survey,7
REAL_0432,kurir,38,1,12,7,6,1275000,1025000,1150000,975000,1275000,2,survey,4
REAL_0433,freelance_creative,17,2,51,7,8,650000,850000,750000,1475000,650000,1,survey,2
REAL_0434,kurir,21,0,70,5,3,1050000,1125000,525000,925000,1050000,2,survey,4
REAL_0435,pekerja_harian,41,1,72,3,8,975000,675000,450000,275000,975000,3,survey,5
REAL_0436,kurir,36,0,72,2,4,1150000,525000,900000,1450000,1150000,4,survey,4
REAL_0437,tutor,17,2,64,3,4,1125000,1150000,1250000,1500000,1125000,0,survey,7
REAL_0438,kurir,19,1,18,6,9,875000,750000,925000,750000,875000,2,survey,4
REAL_0439,pekerja_harian,46,0,41,4,3,550000,925000,225000,725000,550000,1,survey,5
REAL_0440,freelance_creative,39,2,40,3,10,2250000,1600000,1750000,950000,2250000,4,survey,2
REAL_0441,tutor,38,0,1,7,4,550000,1450000,600000,625000,550000,0,survey,7
REAL_0442,tutor,41,1,68,1,10,1650000,1625000,1475000,1325000,1650000,3,survey,7
REAL_0443,freelance_creative,41,0,26,4,6,1025000,1775000,1275000,2400000,1025000,2,survey,2
REAL_0444,driver_online,47,2,70,7,2,550000,725000,800000,800000,550000,1,survey,1
REAL_0445,freelance_it,29,2,22,5,6,700000,2000000,1500000,2000000,700000,0,survey,3
REAL_0446,tutor,28,1,16,3,8,1000000,875000,500000,475000,1000000,0,survey,7
REAL_0447,freelance_creative,36,1,7,4,5,925000,1350000,1125000,1750000,925000,2,survey,2
REAL_0448,pekerja_harian,27,2,56,3,5,500000,950000,650000,775000,500000,2,survey,5
REAL_0449,seller_online,47,1,49,6,10,425000,1200000,1125000,1400000,425000,0,survey,6
REAL_0450,driver_online,45,1,61,7,4,950000,850000,750000,675000,950000,0,survey,1
REAL_0451,freelance_creative,25,1,19,7,6,1350000,1475000,1825000,1000000,1350000,1,survey,2
REAL_0452,content_creator,17,1,71,6,7,900000,1325000,1175000,1300000,900000,1,survey,0
REAL_0453,tutor,42,2,4,2,10,1350000,850000,825000,1425000,1350000,4,survey,7
REAL_0454,tutor,26,1,5,3,7,600000,1250000,1425000,975000,600000,0,survey,7
REAL_0455,driver_online,48,1,55,3,2,875000,1150000,1075000,1225000,875000,2,survey,1
REAL_0456,freelance_it,29,0,60,3,1,1800000,1200000,575000,1400000,1800000,2,survey,3
REAL_0457,driver_online,24,0,11,5,2,875000,800000,625000,500000,875000,3,survey,1
REAL_0458,kurir,41,2,39,4,7,500000,1025000,1000000,1025000,500000,0,survey,4
REAL_0459,tutor,34,0,52,2,5,450000,725000,1500000,1325000,450000,2,survey,7
REAL_0460,pekerja_harian,43,0,44,3,6,950000,400000,975000,675000,950000,4,survey,5
REAL_0461,content_creator,45,2,46,5,7,1950000,525000,1900000,1300000,1950000,3,survey,0
REAL_0462,freelance_it,28,1,28,4,10,1100000,1175000,750000,2075000,1100000,2,survey,3
REAL_0463,pekerja_harian,28,1,53,2,1,550000,925000,825000,400000,550000,4,survey,5
REAL_0464,freelance_creative,27,0,61,6,4,775000,675000,600000,1525000,775000,3,survey,2
REAL_0465,driver_online,19,1,34,6,9,875000,775000,1100000,875000,875000,3,survey,1
REAL_0466,kurir,27,0,32,7,8,625000,700000,1100000,850000,625000,3,survey,4
REAL_0467,seller_online,50,2,47,6,5,1025000,400000,775000,650000,1025000,3,survey,6
REAL_0468,freelance_it,26,1,22,3,3,2475000,1350000,1475000,2500000,2475000,3,survey,3
REAL_0469,kurir,29,2,2,7,9,1150000,750000,400000,1025000,1150000,2,survey,4
REAL_0470,freelance_creative,31,1,71,3,2,1625000,1900000,1875000,700000,1625000,2,survey,2
REAL_0471,driver_online,37,1,11,4,4,700000,450000,675000,725000,700000,4,survey,1
REAL_0472,freelance_it,36,1,72,5,5,1650000,2325000,2600000,1750000,1650000,2,survey,3
REAL_0473,freelance_creative,30,0,39,5,4,975000,775000,1075000,750000,975000,1,survey,2
REAL_0474,content_creator,37,1,1,7,7,1600000,850000,1400000,1625000,1600000,2,survey,0
REAL_0475,content_creator,52,1,14,1,4,850000,1050000,1375000,1050000,850000,0,survey,0
REAL_0476,kurir,47,1,20,7,3,825000,700000,550000,750000,825000,4,survey,4
REAL_0477,pekerja_harian,40,1,3,2,2,650000,975000,975000,1000000,650000,0,survey,5
REAL_0478,kurir,52,2,60,5,4,575000,1425000,1625000,1125000,575000,1,survey,4
REAL_0479,driver_online,17,1,29,5,6,850000,1075000,1200000,975000,850000,2,survey,1
REAL_0480,driver_online,25,1,41,2,4,550000,675000,525000,1125000,550000,1,survey,1
REAL_0481,tutor,29,0,23,5,10,575000,625000,1475000,1250000,575000,2,survey,7
REAL_0482,driver_online,17,1,47,3,2,1300000,1000000,575000,1050000,1300000,3,survey,1
REAL_0483,seller_online,47,2,38,3,10,1000000,650000,425000,725000,1000000,1,survey,6
REAL_0484,freelance_it,37,1,5,6,3,1850000,2175000,2600000,2590010,1850000,1,survey,3
REAL_0485,tutor,51,2,1,3,8,1975000,950000,1050000,1400000,1975000,4,survey,7
REAL_0486,tutor,35,0,39,3,8,1450000,625000,1000000,1325000,1450000,4,survey,7
REAL_0487,freelance_creative,27,1,62,7,6,1450000,1750000,1375000,1175000,1450000,1,survey,2
REAL_0488,kurir,38,1,4,5,3,550000,775000,450000,875000,550000,2,survey,4
REAL_0489,driver_online,29,2,68,1,9,850000,1000000,1300000,500000,850000,1,survey,1
REAL_0490,tutor,35,1,18,6,5,400000,1050000,1000000,550000,400000,4,survey,7
REAL_0491,tutor,42,0,29,3,3,700000,1625000,1925000,725000,700000,3,survey,7
REAL_0492,freelance_creative,45,0,10,7,6,2075000,600000,1900000,950000,2075000,3,survey,2
REAL_0493,pekerja_harian,44,1,36,3,9,600000,950000,1050000,325000,600000,0,survey,5
REAL_0494,tutor,19,2,13,1,4,1325000,1525000,1375000,1675000,1325000,0,survey,7
REAL_0495,content_creator,23,1,46,7,6,1850000,825000,1100000,550000,1850000,3,survey,0
REAL_0496,freelance_creative,37,0,52,3,10,1850000,2075000,1025000,2250000,1850000,3,survey,2
REAL_0497,freelance_it,52,0,12,1,10,2500000,1850000,1500000,2590010,2505290,4,survey,3
REAL_0498,freelance_creative,52,1,29,7,4,1925000,1225000,1825000,750000,1925000,2,survey,2
REAL_0499,tutor,41,1,48,3,4,1225000,575000,1450000,925000,1225000,1,survey,7
REAL_0500,freelance_creative,46,2,57,4,10,725000,2325000,650000,1425000,725000,0,survey,2
REAL_0501,driver_online,48,0,58,3,9,625000,850000,1150000,1200000,625000,1,survey,1
REAL_0502,freelance_creative,28,2,16,3,2,1775000,1275000,1775000,1000000,1775000,3,survey,2
REAL_0503,pekerja_harian,22,0,45,6,2,650000,350000,475000,975000,650000,0,survey,5
REAL_0504,content_creator,21,0,69,2,6,1525000,1575000,1175000,1150000,1525000,3,survey,0
REAL_0505,seller_online,23,2,44,4,9,800000,875000,500000,1000000,800000,2,survey,6
REAL_0506,pekerja_harian,23,2,69,5,7,925000,575000,450000,1025000,925000,2,survey,5
REAL_0507,freelance_it,20,1,70,2,6,875000,825000,2600000,1650000,875000,2,survey,3
REAL_0508,seller_online,31,1,27,5,10,225000,425000,750000,275000,225000,2,survey,6
REAL_0509,freelance_it,44,1,2,4,7,1125000,2250000,2100000,1500000,1125000,4,survey,3
REAL_0510,pekerja_harian,21,1,51,3,9,475000,700000,350000,350000,475000,1,survey,5
REAL_0511,driver_online,41,0,56,5,6,1100000,800000,1125000,1025000,1100000,4,survey,1
REAL_0512,driver_online,42,2,9,2,3,575000,925000,325000,675000,575000,1,survey,1
REAL_0513,seller_online,37,2,30,1,7,550000,700000,675000,275000,550000,1,survey,6
REAL_0514,freelance_creative,48,1,62,2,8,975000,1075000,1850000,2250000,975000,3,survey,2
REAL_0515,freelance_creative,42,1,54,4,8,1425000,1325000,1275000,1225000,1425000,3,survey,2
REAL_0516,content_creator,46,2,40,2,7,1025000,1125000,1025000,1600000,1025000,4,survey,0
REAL_0517,tutor,28,2,26,2,7,1125000,1675000,650000,1775000,1125000,2,survey,7
REAL_0518,content_creator,39,0,47,5,6,1950000,1225000,1050000,800000,1950000,2,survey,0
REAL_0519,pekerja_harian,34,0,18,4,8,675000,925000,775000,1100000,675000,2,survey,5
REAL_0520,tutor,26,1,11,3,10,575000,2000000,1225000,825000,575000,2,survey,7
REAL_0521,freelance_it,45,2,59,6,2,1575000,825000,2325000,1700000,1575000,4,survey,3
REAL_0522,tutor,43,2,34,5,4,1000000,675000,1275000,1625000,1000000,2,survey,7
REAL_0523,freelance_creative,22,2,44,7,10,675000,1300000,1650000,1075000,675000,2,survey,2
REAL_0524,freelance_creative,20,2,25,4,4,1775000,975000,1175000,1925000,1775000,0,survey,2
REAL_0525,kurir,21,0,21,4,10,1050000,950000,700000,850000,1050000,2,survey,4
REAL_0526,driver_online,44,2,12,3,10,1000000,925000,1275000,875000,1000000,2,survey,1
REAL_0527,tutor,46,1,60,4,3,1275000,850000,1525000,1425000,1275000,2,survey,7
REAL_0528,seller_online,34,1,21,3,9,425000,625000,825000,600000,425000,1,survey,6
REAL_0529,tutor,48,2,40,6,10,1450000,1450000,1325000,1050000,1450000,2,survey,7
REAL_0530,freelance_creative,37,2,43,6,4,1875000,1600000,1300000,1775000,1875000,4,survey,2
REAL_0531,kurir,50,0,58,4,4,1575000,1500000,1000000,1575000,1575000,3,survey,4
REAL_0532,pekerja_harian,37,2,16,3,1,625000,600000,425000,525000,625000,0,survey,5
REAL_0533,seller_online,45,1,14,3,8,400000,725000,475000,700000,400000,2,survey,6
REAL_0534,tutor,52,1,23,3,10,1025000,675000,1150000,400000,1025000,4,survey,7
SYN_0000,content_creator,25,2,40,4,5,1199500,1300000,1527000,1529000,1336500,0,synthetic,0
SYN_0001,content_creator,31,2,40,4,10,1222000,1192000,1274500,1403500,1439500,1,synthetic,0
SYN_0002,content_creator,24,2,46,2,9,1215000,1304500,1374500,1476000,1302500,4,synthetic,0
SYN_0003,content_creator,45,1,2,2,6,1355500,1200000,1318500,1521000,1393000,1,synthetic,0
SYN_0004,content_creator,23,1,31,6,4,1172000,1266000,1356000,1432000,1260000,1,synthetic,0
SYN_0005,content_creator,30,0,3,4,10,1098500,1178500,1258500,1494500,1455000,4,synthetic,0
SYN_0006,content_creator,44,0,34,7,1,1110000,1243000,1298500,1586500,1366000,2,synthetic,0
SYN_0007,content_creator,33,2,52,7,6,1291000,1441500,1510500,1617000,1535500,1,synthetic,0
SYN_0008,content_creator,17,1,61,4,3,1318500,1186000,1249500,1567500,1578500,1,synthetic,0
SYN_0009,content_creator,33,0,59,3,9,1264500,1171000,1150000,1371500,1338500,4,synthetic,0
SYN_0010,content_creator,28,2,10,5,5,1234000,1244000,1319500,1516500,1343500,0,synthetic,0
SYN_0011,content_creator,28,0,56,7,8,1312500,1321500,1575500,1779000,1492000,4,synthetic,0
SYN_0012,content_creator,21,2,59,2,5,1243500,1280000,1547500,1763000,1672500,2,synthetic,0
SYN_0013,content_creator,23,2,66,2,6,1167500,1271500,1430500,1785000,1594500,4,synthetic,0
SYN_0014,content_creator,25,2,21,4,6,1085000,1071000,1261000,1636500,1443500,1,synthetic,0
SYN_0015,content_creator,42,0,18,5,1,1295000,1517500,1416500,1552000,1455000,0,synthetic,0
SYN_0016,content_creator,30,1,21,2,1,1236500,1296500,1529000,1766000,1656000,4,synthetic,0
SYN_0017,content_creator,51,1,38,3,6,1232000,1223000,1361000,1348500,1367500,4,synthetic,0
SYN_0018,content_creator,49,0,57,7,7,914000,937500,1061500,1186500,945500,4,synthetic,0
SYN_0019,content_creator,37,0,35,5,8,1449500,1601500,1743500,2065000,1840000,0,synthetic,0
SYN_0020,content_creator,35,1,35,4,7,1055000,946500,1025000,1414500,1369000,3,synthetic,0
SYN_0021,content_creator,45,2,55,5,3,1464500,1223500,1313500,1642500,1394000,1,synthetic,0
SYN_0022,content_creator,21,2,61,7,5,1226500,1267000,1489000,1577500,1465000,1,synthetic,0
SYN_0023,content_creator,18,0,61,4,10,1044500,1253000,1324000,1568500,1592000,4,synthetic,0
SYN_0024,content_creator,18,0,2,2,2,1243500,1297000,1409000,1701500,1573000,4,synthetic,0
SYN_0025,content_creator,18,0,44,6,8,956000,778000,890000,1227500,1161000,0,synthetic,0
SYN_0026,content_creator,39,1,40,6,3,1290500,1430000,1358500,1623000,1402000,4,synthetic,0
SYN_0027,content_creator,39,0,42,2,4,1430000,1360000,1324500,1703500,1552500,2,synthetic,0
SYN_0028,content_creator,40,2,40,5,6,1299000,1329500,1366500,1436500,1200000,3,synthetic,0
SYN_0029,content_creator,18,2,24,4,5,1317500,1179500,1310500,1833000,1669500,0,synthetic,0
SYN_0030,content_creator,30,1,48,2,6,1446000,1450000,1530000,1820000,1648000,2,synthetic,0
SYN_0031,content_creator,24,2,69,7,6,1605500,1540500,1750500,1857000,1741000,4,synthetic,0
SYN_0032,content_creator,38,0,15,4,10,1409500,1548000,1617000,2037000,1867000,3,synthetic,0
SYN_0033,content_creator,30,2,36,6,9,1001000,971000,1156500,1368500,1282500,2,synthetic,0
SYN_0034,content_creator,38,1,31,3,2,1149500,1073500,1100000,1263000,1243500,2,synthetic,0
SYN_0035,content_creator,40,2,2,6,5,1207500,1251000,1238500,1657000,1665500,2,synthetic,0
SYN_0036,content_creator,36,2,47,2,3,1441500,1280500,1437000,1878000,1545000,2,synthetic,0
SYN_0037,content_creator,25,0,58,2,7,1400000,1420500,1357000,1678500,1475500,4,synthetic,0
SYN_0038,content_creator,48,0,10,3,6,1289000,1223000,1407500,1576500,1444000,4,synthetic,0
SYN_0039,content_creator,19,0,15,2,4,1382000,1226000,1456500,1936000,1771000,0,synthetic,0
SYN_0040,driver_online,43,2,23,5,10,896500,836500,945500,1200500,1083000,1,synthetic,1
SYN_0041,driver_online,26,2,43,6,10,806500,738000,906000,1093000,1168500,3,synthetic,1
SYN_0042,driver_online,28,1,20,5,8,837500,916000,934000,1036500,981500,0,synthetic,1
SYN_0043,driver_online,31,1,5,2,4,739000,805500,798500,870500,866500,2,synthetic,1
SYN_0044,driver_online,21,0,44,2,4,735500,748500,917000,888000,768500,0,synthetic,1
SYN_0045,driver_online,27,2,66,7,9,889500,925000,879000,874000,926500,1,synthetic,1
SYN_0046,driver_online,17,0,53,4,4,740500,886500,1069500,1272500,1074500,3,synthetic,1
SYN_0047,driver_online,37,0,13,5,10,826500,902500,1026000,1141000,1099000,2,synthetic,1
SYN_0048,driver_online,26,0,61,7,9,844500,842500,908500,981000,926000,3,synthetic,1
SYN_0049,driver_online,40,0,44,6,9,759500,777000,930000,1129000,1003500,1,synthetic,1
SYN_0050,driver_online,20,2,68,5,5,865500,789500,855000,1130500,974000,3,synthetic,1
SYN_0051,driver_online,17,1,65,4,5,710000,706500,894500,1164000,1023500,3,synthetic,1
SYN_0052,driver_online,24,2,26,3,5,767500,833000,907000,1070000,989500,4,synthetic,1
SYN_0053,driver_online,39,2,15,2,10,758000,766000,871000,942500,943000,4,synthetic,1
SYN_0054,driver_online,27,1,38,6,8,663000,701500,866500,959000,735000,4,synthetic,1
SYN_0055,driver_online,21,0,27,7,8,866500,855500,1051500,1146500,1188500,4,synthetic,1
SYN_0056,driver_online,51,0,27,2,2,980000,1054500,996000,1154000,1038000,0,synthetic,1
SYN_0057,driver_online,22,0,35,7,10,983500,1014500,1021000,1198000,1186500,4,synthetic,1
SYN_0058,driver_online,17,1,22,5,8,419000,479000,575000,586000,523500,2,synthetic,1
SYN_0059,driver_online,35,1,71,5,10,761000,832000,909500,1033000,958500,1,synthetic,1
SYN_0060,driver_online,35,1,12,6,6,893000,902500,1017500,1055000,1013000,3,synthetic,1
SYN_0061,driver_online,44,2,65,7,9,892500,848500,920500,1143500,1069500,1,synthetic,1
SYN_0062,driver_online,52,1,6,3,8,747000,729000,783500,972000,924500,2,synthetic,1
SYN_0063,driver_online,51,0,29,4,10,817000,775000,856000,1076000,954500,4,synthetic,1
SYN_0064,driver_online,47,0,48,6,3,776000,691000,765000,920500,1021000,2,synthetic,1
SYN_0065,driver_online,39,2,13,3,10,756500,804500,990000,1122000,1020000,0,synthetic,1
SYN_0066,driver_online,35,2,3,7,1,842500,838000,922000,1037500,884000,0,synthetic,1
SYN_0067,driver_online,23,2,8,6,9,929500,988500,1125000,1303500,1210500,2,synthetic,1
SYN_0068,driver_online,22,2,25,3,1,814500,817500,973500,1082000,1021500,0,synthetic,1
SYN_0069,driver_online,51,0,62,5,8,737500,700000,882000,1000000,1006500,0,synthetic,1
SYN_0070,driver_online,40,0,45,3,5,843500,914000,1060000,1216500,1171500,4,synthetic,1
SYN_0071,driver_online,44,1,22,2,4,642000,607000,867500,1116000,966500,1,synthetic,1
SYN_0072,driver_online,24,2,35,2,4,780500,858500,891000,1106000,1032500,2,synthetic,1
SYN_0073,driver_online,32,0,43,7,7,669000,778500,766500,807000,752500,1,synthetic,1
SYN_0074,driver_online,51,1,6,3,5,768500,617000,649000,703000,596000,0,synthetic,1
SYN_0075,driver_online,32,0,42,6,5,841000,781500,809500,1001500,984000,2,synthetic,1
SYN_0076,driver_online,43,0,23,2,6,808000,703500,805000,860000,912500,4,synthetic,1
SYN_0077,driver_online,50,0,29,5,1,866000,871500,958000,1064500,1054500,3,synthetic,1
SYN_0078,driver_online,34,0,32,6,2,844500,923000,845500,869000,915000,1,synthetic,1
SYN_0079,driver_online,21,0,39,2,5,800000,788500,824500,944000,933500,0,synthetic,1
SYN_0080,freelance_creative,35,0,42,4,10,1435000,1498500,1715500,2213500,1980000,4,synthetic,2
SYN_0081,freelance_creative,24,1,17,4,1,1453500,1234000,1281000,1681500,1618000,2,synthetic,2
SYN_0082,freelance_creative,31,2,62,5,8,1491000,1452500,1447000,1780000,1609500,3,synthetic,2
SYN_0083,freelance_creative,27,0,33,7,8,1340000,1484500,1601500,1940000,1696500,2,synthetic,2
SYN_0084,freelance_creative,18,2,60,5,1,1448500,1593500,1836000,1693000,1577500,1,synthetic,2
SYN_0085,freelance_creative,45,1,13,5,7,1327500,1332000,1378500,1638000,1339000,1,synthetic,2
SYN_0086,freelance_creative,41,0,14,5,2,1568000,1334500,1613000,2007000,1716500,0,synthetic,2
SYN_0087,freelance_creative,43,1,32,7,1,1590000,1647500,1739500,1892500,1690500,2,synthetic,2
SYN_0088,freelance_creative,29,2,55,5,4,1579000,1613500,2036000,2474000,2178000,2,synthetic,2
SYN_0089,freelance_creative,43,2,48,3,9,1452000,1385500,1623500,2038000,1889000,1,synthetic,2
SYN_0090,freelance_creative,21,0,19,3,4,1533000,1538000,1936500,2290000,2167500,3,synthetic,2
SYN_0091,freelance_creative,23,0,40,7,8,1207000,1103000,1297000,1393000,1423000,1,synthetic,2
SYN_0092,freelance_creative,45,2,60,7,6,1419000,1474000,1704000,1689000,1430000,1,synthetic,2
SYN_0093,freelance_creative,22,2,34,2,9,1542500,1325000,1606000,1980500,1887000,1,synthetic,2
SYN_0094,freelance_creative,23,2,48,3,8,1415500,1561500,1646000,1672500,1515000,1,synthetic,2
SYN_0095,freelance_creative,43,2,58,5,4,1332000,1359000,1406000,1531500,1385500,4,synthetic,2
SYN_0096,freelance_creative,34,0,41,4,5,1220500,1327000,1169000,1464000,1514500,3,synthetic,2
SYN_0097,freelance_creative,23,1,62,3,3,1293000,1355500,1547500,1833000,1719000,3,synthetic,2
SYN_0098,freelance_creative,24,1,32,6,2,1323000,1365000,1472000,1722000,1622500,1,synthetic,2
SYN_0099,freelance_creative,52,2,66,3,6,1306000,1546000,1745500,2159500,1849500,3,synthetic,2
SYN_0100,freelance_creative,45,1,57,3,4,1211500,1354500,1354500,1671500,1596500,2,synthetic,2
SYN_0101,freelance_creative,45,2,69,4,9,1511500,1757000,1721000,1972000,2018000,1,synthetic,2
SYN_0102,freelance_creative,51,0,60,4,5,1193000,1347000,1528500,1683000,1557500,4,synthetic,2
SYN_0103,freelance_creative,21,1,5,2,5,1030000,1017500,1027500,1337500,1239500,2,synthetic,2
SYN_0104,freelance_creative,19,0,15,2,4,1537000,1487500,1550500,1531500,1568000,0,synthetic,2
SYN_0105,freelance_creative,45,0,71,4,8,1560500,1459500,1574500,1890000,1792000,1,synthetic,2
SYN_0106,freelance_creative,36,1,19,3,4,1493500,1500500,1446500,1781500,1567500,1,synthetic,2
SYN_0107,freelance_creative,33,0,45,7,9,1601500,1641500,1693000,1940000,1805000,2,synthetic,2
SYN_0108,freelance_creative,51,1,41,4,10,1268000,1487000,1737000,2001500,1681500,2,synthetic,2
SYN_0109,freelance_creative,28,0,33,4,7,1541500,1336500,1502000,1812500,1668000,2,synthetic,2
SYN_0110,freelance_creative,40,2,9,5,4,1205500,1315500,1477000,1752000,1748500,3,synthetic,2
SYN_0111,freelance_creative,37,1,62,3,6,1628500,1657500,1670500,2028000,1959500,3,synthetic,2
SYN_0112,freelance_creative,26,0,19,5,9,1512000,1371500,1436500,1696500,1686500,3,synthetic,2
SYN_0113,freelance_creative,41,2,6,4,6,1387500,1391500,1673000,1980000,1678000,0,synthetic,2
SYN_0114,freelance_creative,40,0,24,4,6,1456000,1409500,1448000,1628000,1403000,1,synthetic,2
SYN_0115,freelance_creative,38,2,44,4,3,1258000,1364000,1637000,1788500,1559500,4,synthetic,2
SYN_0116,freelance_creative,22,1,46,5,6,1440000,1299500,1458000,1738500,1580500,3,synthetic,2
SYN_0117,freelance_creative,51,2,53,2,3,1348500,1115500,1398000,1614500,1377500,4,synthetic,2
SYN_0118,freelance_creative,27,1,54,6,2,1267500,1233000,1315500,1445000,1438000,2,synthetic,2
SYN_0119,freelance_creative,24,0,25,4,2,1325000,1211000,1466500,1550000,1446000,2,synthetic,2
SYN_0120,freelance_it,38,0,61,5,3,1772000,1742500,1950500,2541500,2152000,0,synthetic,3
SYN_0121,freelance_it,30,2,3,6,1,1605500,1533500,1555000,1977500,1963000,2,synthetic,3
SYN_0122,freelance_it,20,0,57,5,1,1772500,1587000,1951000,2251500,1959000,2,synthetic,3
SYN_0123,freelance_it,31,0,31,3,1,1750000,1650500,1865500,2186000,1887500,1,synthetic,3
SYN_0124,freelance_it,18,2,32,4,8,1733500,1875500,1898500,2284000,2251500,2,synthetic,3
SYN_0125,freelance_it,29,0,36,4,7,2219500,2158000,2356000,2575500,2135000,0,synthetic,3
SYN_0126,freelance_it,44,0,17,3,3,1732500,1697000,1693000,1757500,1724500,2,synthetic,3
SYN_0127,freelance_it,33,0,71,7,10,1786000,1731000,1839500,2263000,2148000,3,synthetic,3
SYN_0128,freelance_it,48,0,61,4,1,1293000,1416500,1508500,1688000,1771500,0,synthetic,3
SYN_0129,freelance_it,34,2,20,2,8,1801000,1841500,1986500,2160500,2032000,4,synthetic,3
SYN_0130,freelance_it,35,2,2,2,6,1491000,1535500,1805500,2117000,2100000,1,synthetic,3
SYN_0131,freelance_it,49,2,20,7,1,1684500,1581500,1839500,2280000,2175000,0,synthetic,3
SYN_0132,freelance_it,20,0,43,5,5,1291000,1241500,1295500,1424000,1374500,3,synthetic,3
SYN_0133,freelance_it,25,1,68,3,4,1380000,1364500,1441000,2008500,1888000,1,synthetic,3
SYN_0134,freelance_it,21,0,33,5,1,1556500,1574500,1816500,2256000,2016000,3,synthetic,3
SYN_0135,freelance_it,49,1,54,2,2,1571000,1409500,1643000,1859500,1808000,1,synthetic,3
SYN_0136,freelance_it,17,2,45,2,9,1817000,1721000,1957500,2326500,2095500,4,synthetic,3
SYN_0137,freelance_it,22,0,53,6,4,1485000,1572500,1376500,1850000,1595500,1,synthetic,3
SYN_0138,freelance_it,30,1,60,5,2,1743000,1520000,1692000,2121000,1879000,1,synthetic,3
SYN_0139,freelance_it,19,2,59,6,9,1772000,1800000,2048000,2590010,2505290,0,synthetic,3
SYN_0140,freelance_it,40,1,8,7,2,1556000,1463000,1280000,1592000,1646000,4,synthetic,3
SYN_0141,freelance_it,20,2,49,7,9,1671000,1935500,1987500,2316000,2264500,1,synthetic,3
SYN_0142,freelance_it,23,2,69,3,4,1707500,1647500,1845000,2581500,2425000,2,synthetic,3
SYN_0143,freelance_it,50,1,10,3,6,1875000,1928500,2071500,2415500,2080500,2,synthetic,3
SYN_0144,freelance_it,46,1,20,6,1,2055500,1965000,2023500,2507500,2192500,4,synthetic,3
SYN_0145,freelance_it,34,1,52,2,1,1348000,1453000,1500500,1527500,1576500,2,synthetic,3
SYN_0146,freelance_it,43,1,14,3,1,1634500,1556500,1848500,2157000,1891000,4,synthetic,3
SYN_0147,freelance_it,51,1,59,7,3,1801500,1750500,2058000,2061500,1778500,0,synthetic,3
SYN_0148,freelance_it,18,2,49,4,2,1712500,1763500,1931500,2141000,1927500,3,synthetic,3
SYN_0149,freelance_it,17,2,49,4,2,1899000,1801500,1924500,2344500,2076500,1,synthetic,3
SYN_0150,freelance_it,17,1,37,6,6,1454500,1428000,1793500,2164500,1982500,0,synthetic,3
SYN_0151,freelance_it,20,1,69,3,5,1548500,1536000,1671000,1934000,1823500,3,synthetic,3
SYN_0152,freelance_it,40,0,52,2,5,1234000,1408500,1590500,1842500,1807000,0,synthetic,3
SYN_0153,freelance_it,24,1,71,7,4,1615500,1639000,2017000,2386000,1962500,0,synthetic,3
SYN_0154,freelance_it,18,1,51,6,5,1928000,1938000,2126000,2429500,2389500,0,synthetic,3
SYN_0155,freelance_it,49,2,12,4,9,1788500,1916000,1906000,2307000,2162000,4,synthetic,3
SYN_0156,freelance_it,24,1,18,4,7,2091000,1930500,2157500,2580000,2164000,1,synthetic,3
SYN_0157,freelance_it,19,2,59,4,8,1624000,1577000,1757000,2086000,2035500,2,synthetic,3
SYN_0158,freelance_it,39,1,29,4,4,1911000,1660500,2040500,2307000,2354000,2,synthetic,3
SYN_0159,freelance_it,43,2,33,4,3,1370500,1355500,1571500,2037000,1810000,3,synthetic,3
SYN_0160,kurir,33,2,41,6,1,987500,912500,1022000,1212000,1227000,2,synthetic,4
SYN_0161,kurir,41,2,64,3,4,1108500,1141500,1451500,1538500,1280500,2,synthetic,4
SYN_0162,kurir,37,1,19,6,1,845000,845500,974500,1125500,1053000,4,synthetic,4
SYN_0163,kurir,49,2,8,4,8,1121000,1077000,1250000,1359500,1151000,4,synthetic,4
SYN_0164,kurir,48,0,22,6,3,1115500,1115500,1247000,1359500,1338500,0,synthetic,4
SYN_0165,kurir,33,1,5,5,10,893500,908000,1027500,1225000,1163000,1,synthetic,4
SYN_0166,kurir,25,1,44,2,3,1073000,1014500,1060500,1463500,1340500,3,synthetic,4
SYN_0167,kurir,48,2,25,5,1,1176500,1118500,1210500,1479000,1394000,4,synthetic,4
SYN_0168,kurir,18,0,38,4,7,786500,864000,893500,986500,803500,0,synthetic,4
SYN_0169,kurir,33,2,57,3,10,956000,1089500,1125500,1361000,1340500,3,synthetic,4
SYN_0170,kurir,25,1,3,2,5,1143500,1169500,1240500,1486500,1321000,4,synthetic,4
SYN_0171,kurir,23,0,10,6,2,895500,872500,933000,1116500,1018500,0,synthetic,4
SYN_0172,kurir,51,0,48,5,3,1308500,1143000,1467500,1571500,1522500,2,synthetic,4
SYN_0173,kurir,21,0,6,7,2,1008000,945500,1030500,1191500,1209000,3,synthetic,4
SYN_0174,kurir,17,0,65,3,7,789000,868000,901000,1351000,1134500,0,synthetic,4
SYN_0175,kurir,41,1,71,3,4,815000,765500,904000,1094000,1088000,0,synthetic,4
SYN_0176,kurir,35,0,20,7,10,926500,892500,911000,1203000,1140500,2,synthetic,4
SYN_0177,kurir,50,1,59,5,8,1002500,1153000,1230500,1209500,1184500,4,synthetic,4
SYN_0178,kurir,20,2,47,5,6,1132500,1135500,1118500,1298500,1176000,1,synthetic,4
SYN_0179,kurir,31,1,7,3,4,965500,962500,1085500,1409000,1313500,0,synthetic,4
SYN_0180,kurir,50,1,64,4,3,1147500,1010500,1106500,1318000,1169000,3,synthetic,4
SYN_0181,kurir,45,0,55,3,6,958500,966500,1030000,1435000,1302500,2,synthetic,4
SYN_0182,kurir,38,2,48,4,1,1141000,1319000,1354000,1481500,1291500,0,synthetic,4
SYN_0183,kurir,26,1,44,7,1,1013000,1171000,1189000,1306500,1211000,0,synthetic,4
SYN_0184,kurir,40,0,28,6,6,969000,1023000,997000,1111500,1088500,0,synthetic,4
SYN_0185,kurir,21,2,33,6,10,907500,891000,1023500,1177000,1151500,2,synthetic,4
SYN_0186,kurir,43,2,30,5,1,888500,880000,1083000,1265000,1349500,0,synthetic,4
SYN_0187,kurir,18,2,51,7,2,1046500,1065000,1046000,1166500,1227000,3,synthetic,4
SYN_0188,kurir,35,0,50,2,1,1058000,1142000,1180500,1552000,1335000,3,synthetic,4
SYN_0189,kurir,26,1,67,6,4,902500,871000,1019000,1323000,1345000,2,synthetic,4
SYN_0190,kurir,45,0,14,6,10,1056500,1092500,1180500,1402000,1239500,4,synthetic,4
SYN_0191,kurir,23,1,43,4,5,1190500,1106500,1191500,1313500,1237000,2,synthetic,4
SYN_0192,kurir,29,0,63,5,3,1228500,1127000,1223000,1472000,1445000,1,synthetic,4
SYN_0193,kurir,17,2,58,3,1,1046000,899000,1088500,1286000,1243500,2,synthetic,4
SYN_0194,kurir,20,1,11,3,10,746000,716500,839500,907000,881500,3,synthetic,4
SYN_0195,kurir,30,1,48,2,10,1056000,1124000,1161500,1351000,1251000,3,synthetic,4
SYN_0196,kurir,27,1,57,5,5,685000,745000,796500,883500,860500,2,synthetic,4
SYN_0197,kurir,34,0,6,2,10,954000,866000,975500,1156000,1106500,1,synthetic,4
SYN_0198,kurir,38,2,60,6,2,971000,1106500,1117000,1275000,1206000,4,synthetic,4
SYN_0199,kurir,21,1,56,7,6,939500,806500,848000,1146000,936500,1,synthetic,4
SYN_0200,pekerja_harian,27,1,22,7,1,593500,598000,689000,781000,768500,0,synthetic,5
SYN_0201,pekerja_harian,43,2,62,7,1,732000,760000,763000,868500,794500,0,synthetic,5
SYN_0202,pekerja_harian,18,0,39,5,6,660000,697000,802000,925500,873000,2,synthetic,5
SYN_0203,pekerja_harian,43,2,22,4,9,518000,525000,645000,860000,821500,2,synthetic,5
SYN_0204,pekerja_harian,44,0,3,6,7,513000,522500,587500,666000,669500,1,synthetic,5
SYN_0205,pekerja_harian,43,0,24,4,3,495000,488000,563000,641000,651000,3,synthetic,5
SYN_0206,pekerja_harian,32,2,22,5,3,561000,558500,581500,614000,581500,1,synthetic,5
SYN_0207,pekerja_harian,51,2,51,7,5,508000,562500,714500,835500,754000,2,synthetic,5
SYN_0208,pekerja_harian,23,2,66,5,9,667500,723000,724500,1021500,936000,0,synthetic,5
SYN_0209,pekerja_harian,39,1,40,2,2,665000,766500,924500,1024000,924000,3,synthetic,5
SYN_0210,pekerja_harian,48,0,19,7,5,795000,730500,813500,886000,825000,3,synthetic,5
SYN_0211,pekerja_harian,17,2,40,6,9,553500,613500,690500,705500,695500,2,synthetic,5
SYN_0212,pekerja_harian,43,2,45,4,6,735500,736000,792000,851500,764500,1,synthetic,5
SYN_0213,pekerja_harian,17,0,66,3,2,601000,681500,710500,837000,791500,2,synthetic,5
SYN_0214,pekerja_harian,28,0,26,2,9,680500,693500,753000,794500,725000,1,synthetic,5
SYN_0215,pekerja_harian,27,1,69,4,6,719000,767500,788500,938000,895000,0,synthetic,5
SYN_0216,pekerja_harian,24,2,55,3,10,656500,729000,792000,920000,887500,4,synthetic,5
SYN_0217,pekerja_harian,20,0,23,7,4,766500,795500,873500,992000,883000,2,synthetic,5
SYN_0218,pekerja_harian,20,1,8,3,8,758000,783500,826000,952500,907000,2,synthetic,5
SYN_0219,pekerja_harian,36,1,26,7,7,653000,634500,724500,717000,750000,0,synthetic,5
SYN_0220,pekerja_harian,39,2,43,4,2,683000,703500,736500,816000,833000,2,synthetic,5
SYN_0221,pekerja_harian,34,2,38,3,3,572500,644000,702500,719500,601000,3,synthetic,5
SYN_0222,pekerja_harian,44,1,55,4,2,733000,756500,845000,979000,880500,3,synthetic,5
SYN_0223,pekerja_harian,40,2,34,3,7,563000,585500,663500,792000,623500,4,synthetic,5
SYN_0224,pekerja_harian,51,1,50,7,2,615500,550500,646000,918500,892000,2,synthetic,5
SYN_0225,pekerja_harian,35,0,10,2,4,575500,547000,652500,754500,703000,0,synthetic,5
SYN_0226,pekerja_harian,47,0,12,6,9,725500,733000,799000,966000,934500,3,synthetic,5
SYN_0227,pekerja_harian,42,0,55,2,5,655000,637000,800000,875000,792000,3,synthetic,5
SYN_0228,pekerja_harian,38,0,61,4,5,622000,622500,737000,841000,759500,1,synthetic,5
SYN_0229,pekerja_harian,47,1,17,2,4,749500,773500,803000,846000,824500,1,synthetic,5
SYN_0230,pekerja_harian,50,2,8,7,9,856000,767000,824000,970000,998000,2,synthetic,5
SYN_0231,pekerja_harian,35,1,19,2,4,613500,613500,704000,885500,683000,3,synthetic,5
SYN_0232,pekerja_harian,48,1,36,3,9,620500,630500,778000,859500,837500,0,synthetic,5
SYN_0233,pekerja_harian,31,0,26,3,7,621500,705500,777000,925500,839000,2,synthetic,5
SYN_0234,pekerja_harian,19,2,54,6,2,690000,732500,764000,823000,778000,0,synthetic,5
SYN_0235,pekerja_harian,52,2,43,5,2,620500,698000,752500,882000,798000,2,synthetic,5
SYN_0236,pekerja_harian,52,0,11,4,1,784000,841000,859000,1001500,881500,2,synthetic,5
SYN_0237,pekerja_harian,37,0,71,3,6,646000,673500,763500,776000,720500,0,synthetic,5
SYN_0238,pekerja_harian,23,2,64,3,10,510000,497500,519500,638000,623000,2,synthetic,5
SYN_0239,pekerja_harian,18,2,24,5,4,741500,791500,870000,1004000,980500,4,synthetic,5
SYN_0240,seller_online,27,2,24,7,2,592500,591500,603000,896500,802000,1,synthetic,6
SYN_0241,seller_online,52,1,68,5,5,688000,642000,667500,780500,704500,0,synthetic,6
SYN_0242,seller_online,23,1,12,2,7,768000,751000,744500,848500,791000,2,synthetic,6
SYN_0243,seller_online,51,2,9,6,1,697000,632500,747000,958500,909000,3,synthetic,6
SYN_0244,seller_online,48,2,40,6,6,908000,898000,1089000,1309000,1166000,2,synthetic,6
SYN_0245,seller_online,23,2,28,6,8,628500,673000,775000,834500,791000,3,synthetic,6
SYN_0246,seller_online,19,0,30,7,1,709000,708500,795000,1000500,917500,3,synthetic,6
SYN_0247,seller_online,42,2,33,3,3,716500,739000,746500,875500,818500,3,synthetic,6
SYN_0248,seller_online,19,0,68,4,3,783000,815500,869000,960500,949500,2,synthetic,6
SYN_0249,seller_online,41,2,52,3,2,852000,863500,915000,1098500,1020000,0,synthetic,6
SYN_0250,seller_online,22,0,54,4,5,738000,678500,714000,936000,926000,4,synthetic,6
SYN_0251,seller_online,52,2,17,5,8,739500,674000,766000,882000,756000,4,synthetic,6
SYN_0252,seller_online,33,0,60,2,6,612500,733000,756500,726500,666500,2,synthetic,6
SYN_0253,seller_online,35,0,68,7,1,718000,729000,846000,915000,818000,2,synthetic,6
SYN_0254,seller_online,19,0,20,2,2,537500,625500,680500,678000,794500,3,synthetic,6
SYN_0255,seller_online,17,0,43,6,10,705500,600000,551500,734500,671000,3,synthetic,6
SYN_0256,seller_online,19,0,64,5,4,815500,797000,863500,1108000,1084000,0,synthetic,6
SYN_0257,seller_online,20,0,53,6,6,758000,812500,904500,942000,956500,1,synthetic,6
SYN_0258,seller_online,43,0,50,4,7,625500,652500,722500,864500,837000,3,synthetic,6
SYN_0259,seller_online,43,0,18,4,8,744500,808000,830500,1023000,893000,0,synthetic,6
SYN_0260,seller_online,40,2,20,5,3,772000,743500,786500,851500,899500,0,synthetic,6
SYN_0261,seller_online,34,2,27,6,2,764500,745500,831000,926000,813500,1,synthetic,6
SYN_0262,seller_online,21,0,40,3,6,639000,702500,802500,959500,922000,0,synthetic,6
SYN_0263,seller_online,37,2,18,6,10,785000,794500,888000,875000,941500,0,synthetic,6
SYN_0264,seller_online,32,0,51,6,8,843500,815500,870000,1062500,943500,3,synthetic,6
SYN_0265,seller_online,49,2,31,4,6,840000,825500,896500,985000,869000,1,synthetic,6
SYN_0266,seller_online,20,2,16,7,8,693500,641500,758500,900500,798000,0,synthetic,6
SYN_0267,seller_online,44,2,20,2,4,795500,759000,790500,992500,957000,2,synthetic,6
SYN_0268,seller_online,43,2,4,5,1,773500,670500,869000,999500,978500,4,synthetic,6
SYN_0269,seller_online,22,2,49,6,5,719500,716500,681000,801000,672000,1,synthetic,6
SYN_0270,seller_online,52,0,27,6,7,652000,689500,721000,895500,796000,4,synthetic,6
SYN_0271,seller_online,50,0,18,3,9,700000,723500,825500,954000,955000,0,synthetic,6
SYN_0272,seller_online,24,1,69,6,1,788000,831500,931500,1043000,1025500,2,synthetic,6
SYN_0273,seller_online,22,0,16,2,10,845000,817000,861000,1071000,936000,4,synthetic,6
SYN_0274,seller_online,47,0,46,5,3,756500,719000,864000,1001000,936000,4,synthetic,6
SYN_0275,seller_online,32,0,25,2,5,774500,781500,930000,976000,903500,0,synthetic,6
SYN_0276,seller_online,41,1,33,2,3,713500,776500,927000,1080000,877000,4,synthetic,6
SYN_0277,seller_online,45,0,66,6,1,1001500,994000,1094000,1302000,1105000,4,synthetic,6
SYN_0278,seller_online,34,2,31,4,2,711000,696500,872500,1002000,933000,1,synthetic,6
SYN_0279,seller_online,32,0,38,7,4,826000,908500,847000,964000,965500,2,synthetic,6
SYN_0280,tutor,25,2,10,4,7,1084500,1131000,1220000,1435000,1245500,4,synthetic,7
SYN_0281,tutor,50,2,65,7,2,1428000,1324000,1471000,1739000,1700000,0,synthetic,7
SYN_0282,tutor,40,1,49,3,6,1020500,794000,887000,1101500,1057500,0,synthetic,7
SYN_0283,tutor,24,2,41,7,10,1226500,1179500,1314500,1525000,1354500,2,synthetic,7
SYN_0284,tutor,32,2,41,6,6,1321000,1211500,1090000,1293500,1302000,0,synthetic,7
SYN_0285,tutor,42,0,16,3,3,956000,869000,869500,1076000,1009500,2,synthetic,7
SYN_0286,tutor,43,0,4,6,7,1130000,994500,1176000,1480000,1433500,0,synthetic,7
SYN_0287,tutor,18,0,25,6,8,1068500,1074000,926500,1066000,1055500,1,synthetic,7
SYN_0288,tutor,27,2,65,2,6,809500,818500,838000,1094500,1084500,1,synthetic,7
SYN_0289,tutor,29,1,18,6,7,1198500,1233500,1210500,1615000,1434500,1,synthetic,7
SYN_0290,tutor,34,2,51,6,8,1063000,915500,1170500,1354000,1025500,3,synthetic,7
SYN_0291,tutor,21,2,22,4,8,1123500,995500,1017500,1258000,1377000,3,synthetic,7
SYN_0292,tutor,39,2,20,3,5,1001000,1013500,1170500,1354500,1338000,3,synthetic,7
SYN_0293,tutor,27,2,12,5,3,981500,923500,1036500,1034500,934500,3,synthetic,7
SYN_0294,tutor,28,0,2,4,1,784500,745000,717500,845000,689500,2,synthetic,7
SYN_0295,tutor,25,0,4,6,2,1006000,979500,1067500,1457000,1178000,1,synthetic,7
SYN_0296,tutor,24,0,41,5,4,996500,921500,1006500,1412000,1293000,2,synthetic,7
SYN_0297,tutor,45,0,48,7,6,1062500,1055000,1219500,1391000,1326000,2,synthetic,7
SYN_0298,tutor,35,2,6,2,8,1245000,1201500,1141500,1405000,1351500,1,synthetic,7
SYN_0299,tutor,46,0,45,5,10,1222000,1079000,1227000,1495000,1489500,1,synthetic,7
SYN_0300,tutor,39,2,21,5,10,1084000,1247000,1390500,1547000,1376000,0,synthetic,7
SYN_0301,tutor,29,1,27,4,5,1120500,1189500,1387500,1488500,1372500,0,synthetic,7
SYN_0302,tutor,48,1,44,6,10,978500,1004500,1077000,1167500,1099500,1,synthetic,7
SYN_0303,tutor,23,0,41,2,10,1163500,1019500,1334000,1393000,1353500,3,synthetic,7
SYN_0304,tutor,24,0,67,3,7,1110500,1095500,1109000,1283000,1188000,1,synthetic,7
SYN_0305,tutor,18,2,35,6,3,1294000,1251500,1297500,1496000,1330000,3,synthetic,7
SYN_0306,tutor,30,1,23,6,6,974000,1012500,1182000,1304000,1259000,1,synthetic,7
SYN_0307,tutor,29,0,54,3,7,1096500,1122000,1345000,1596500,1484000,0,synthetic,7
SYN_0308,tutor,26,2,16,5,10,960500,942000,1080000,1052500,1102500,3,synthetic,7
SYN_0309,tutor,38,1,14,3,4,929500,902000,1036500,1212500,1209500,0,synthetic,7
SYN_0310,tutor,31,2,16,4,4,1144000,1306000,1269500,1347000,1188500,3,synthetic,7
SYN_0311,tutor,20,0,51,6,9,1150000,1264500,1384000,1631500,1451500,2,synthetic,7
SYN_0312,tutor,28,0,19,2,8,1119000,1041000,1170000,1384500,1192000,4,synthetic,7
SYN_0313,tutor,23,0,62,7,10,1225000,1124500,1228000,1299000,1370500,1,synthetic,7
SYN_0314,tutor,20,0,24,3,9,1055000,1030000,1017000,1118500,906500,3,synthetic,7
SYN_0315,tutor,18,0,40,2,10,841000,803000,906500,1078000,1267000,2,synthetic,7
SYN_0316,tutor,29,0,33,2,5,1313500,1296500,1301500,1480000,1389500,1,synthetic,7
SYN_0317,tutor,31,0,56,4,10,1119500,1097500,1277500,1422500,1281500,3,synthetic,7
SYN_0318,tutor,45,2,18,4,4,1084000,1049500,1234000,1261000,1155000,0,synthetic,7
SYN_0319,tutor,18,0,59,3,3,1210000,1470000,1621500,1825500,1566000,3,synthetic,7
